1.328844934354288077e+00,1.650717484788684075e+00
8.157400592293118091e-01,1.697575606765449940e+00
9.345559298305531337e-01,1.450962254786108074e+00
1.553891395083770943e+00,1.141817859714217231e+00
4.503509563996518361e-01,1.968452507500413118e+00
1.614511223467422152e+00,1.070607148671560260e+00
1.612583717614219925e+00,1.352655623318931521e+00
1.412408816581709248e+00,1.664119286013031607e+00
2.109903147701453818e+00,8.112697329402019930e-01
1.820748186036379890e+00,1.053574548146612333e+00
1.546184559033516370e+00,1.371126657619400335e+00
1.881197189404353320e+00,1.504125656281668721e+00
1.982998691165004157e+00,5.092050032543211646e-01
1.975450441217627473e+00,8.659828924713719456e-01
1.079959205871829031e+00,1.771519349626284212e+00
1.572291133240879768e+00,1.058063922584439487e+00
1.155684458312445484e+00,1.338653561698531780e+00
1.774717632744007290e+00,2.742870465238780864e-01
1.615556492131263511e+00,1.337212329431146207e+00
2.005119545381693680e+00,4.938499301279015152e-01
6.175963914367780250e-01,1.492043340457124723e+00
1.299365495885715927e+00,1.914762266525974699e+00
2.053639069204443945e+00,9.054915401914472861e-01
1.375086336962301869e+00,1.280681197955134021e+00
1.364042221760225493e+00,1.274660492718364013e+00
1.353849507815556130e+00,1.343058409449544355e+00
5.678831191811239965e-01,1.868869133669629479e+00
1.251225255142374815e+00,1.825571333749986147e+00
3.092496215531704284e-01,1.640041350961515709e+00
2.010234831834008862e+00,8.698753402986179051e-01
1.075079786993535791e+00,1.697876733151557183e+00
2.013735425465387419e+00,5.982218527594785895e-01
1.387053018389830639e+00,1.314634722401236688e+00
5.812681757999668131e-01,1.782999532042877533e+00
-2.779364585425510570e-01,1.773051161167566114e+00
9.551020506030005741e-01,5.262522141916901042e-01
1.317610657823218512e+00,-5.623993462802374423e-03
3.786224742862585591e-01,1.889818978508488678e+00
1.222183431483242266e+00,1.224559909443714067e+00
4.832616798784845069e-01,1.642606395352732562e+00
1.295450019761568372e+00,1.113548243449228758e+00
1.666741685585205524e+00,1.142826758544193577e+00
1.731105278191597652e+00,8.285785181662155274e-01
1.387128785708041656e+00,1.152337053503641018e+00
1.974134992202889016e+00,1.110245026986932393e+00
2.224488959811216748e+00,2.223988001249138646e-01
1.855856946657854056e+00,7.994901737903533645e-01
2.019912172821300089e+00,1.083448671740093072e+00
1.085300456105706024e+00,1.463181272825737400e+00
1.604617240604647499e+00,1.747285185416475484e+00
1.002284037719899157e+00,1.609689143876165351e+00
1.638820002695912326e+00,1.195081254312694075e+00
1.424342795583479315e+00,9.601511988857134305e-01
9.533325097173459550e-01,1.664666319784111836e+00
1.680816725474918005e+00,1.122370773437566971e+00
2.134710337514296175e+00,9.110101893660863537e-01
1.479700982003207210e+00,1.627117195231581936e+00
1.502618631884762523e+00,1.328549079986414805e+00
1.927959429193696783e+00,1.000273289870497573e+00
2.415967184161520009e+00,4.193337534273985368e-01
1.767904740238716244e+00,1.102992125928273781e+00
7.610489213081716997e-01,1.741158971742780004e+00
6.290669419213795743e-01,1.718575716576433488e+00
1.594288781900687235e+00,1.868339316625750479e+00
1.474212999518095479e+00,1.233600744598698506e+00
7.024959434210795717e-01,1.910324456042935104e+00
8.759035785312886402e-01,1.418209430284116834e+00
1.051066781663202665e+00,1.677835586007404789e+00
1.045825306115942599e+00,1.892775225404507378e+00
1.590858895549641661e+00,1.227666605212671236e+00
9.478124754730482548e-01,1.916965519035131793e+00
1.163604536420938196e+00,1.360066568150045674e+00
9.479810451376877722e-01,1.730023257823509519e+00
2.163831584400054187e+00,-8.869504626494660871e-01
1.531450852731331524e+00,1.434423049606502909e+00
1.334017127249543355e+00,1.403836098303049562e+00
5.866117469366635140e-01,1.951127167384246519e+00
-9.075633109503351836e-02,1.633333534019695055e+00
1.298983828944585195e+00,1.895944033406517626e+00
8.367005993955988208e-01,1.319928884343263498e+00
1.668271912452618633e+00,9.107747822503091673e-01
8.968768343578960023e-01,1.959667011294118355e+00
1.320806847054819988e+00,1.876307338953286941e+00
2.425698190698195034e-01,1.638850483724956675e+00
8.628814074978992110e-01,1.424701132922073121e+00
1.853093478435718477e+00,1.040128140234823917e+00
1.575680981753367238e+00,1.609474198574304626e+00
7.853277549312247530e-01,1.880087799605052679e+00
1.972556308831430405e+00,1.244042111919108518e+00
1.192041173318663549e+00,1.199163399624523008e+00
1.577788111606445165e+00,1.228944449234137037e+00
1.626283853549040481e+00,1.166398737881773284e+00
1.992545798764848941e+00,8.032769545816875745e-01
5.412037326354186551e-01,1.725508634835469346e+00
1.062285060694317718e+00,1.830068837786209990e+00
1.258628255228018133e+00,1.870307840912661446e+00
1.174698335263986815e+00,1.667689157140278322e+00
1.825021250203353596e+00,1.461151916297071862e+00
1.420503643991544385e+00,1.479770232264931762e+00
2.000515701626319309e+00,1.088760001792807630e+00
1.103745434917135837e+00,1.629863121541355708e+00
9.164900052656612672e-01,1.482161913370006134e+00
5.659337708129231759e-01,1.035794319571088362e+00
1.230477657884389897e+00,1.202888311420325707e+00
6.637892010410497701e-01,1.210875754869815690e+00
1.086099803527951879e+00,1.117346450382870282e+00
1.466529361701906398e+00,1.286604635181729073e+00
1.499326764253951394e+00,6.009520509602841454e-01
1.202648321283178001e+00,1.529004133902362561e+00
2.847080401957889917e-01,1.667332494873807081e+00
1.214790879855088379e+00,1.504299974164307940e+00
-2.569520745069856504e-01,1.862771873465525641e+00
1.480807451900577165e+00,1.478641672287953845e+00
2.034072091564711027e+00,1.204350056041417094e+00
1.458416089435217611e+00,1.330825581839891303e+00
1.875644446225347428e+00,9.343252813695043235e-01
9.069115195416257436e-01,1.867872290191072482e+00
4.184045951370495842e-01,1.916737871055414599e+00
1.734508739254946752e+00,2.049615989347735923e+00
1.605624528497550385e-01,1.446341827500788435e+00
5.502465695022115133e-01,1.987905933644215750e+00
1.259142073194421618e+00,6.418387199447972424e-01
1.254389143525734607e+00,1.199372408990498462e+00
2.063962749406617725e+00,8.983166168831828724e-01
8.955589269559404153e-01,1.764967905160589767e+00
1.281341059245807212e+00,1.608257967150001688e+00
2.161991207417748750e+00,1.121905063678660497e+00
1.506065565926870464e+00,1.255698676543892223e+00
1.571068399823874806e+00,1.278714440954409115e+00
1.372772929306903755e+00,4.128347371009161160e-01
1.797907680900796779e+00,1.036846056220977141e+00
1.704819482028275823e+00,1.402425290331757557e+00
1.324069846382401883e+00,1.739324858923627648e+00
2.111800490257602636e+00,1.062875057891546238e+00
1.916720431557148663e+00,1.086143846115425360e+00
1.743543251652419190e+00,1.386845590696928365e+00
2.191115314100325229e+00,4.404233659699695047e-01
-1.986519921603810135e-01,1.568104441931471582e+00
6.401676238243986239e-01,1.469652530025746584e+00
6.656650682952316433e-01,1.701455242304825477e+00
1.351443883248391931e+00,1.372823843768872010e+00
1.024894065816460476e+00,1.336899119156021776e+00
9.439442117459746484e-01,2.005825436183132915e+00
1.345625887765343975e+00,1.617430668129467231e+00
4.460957260318745288e-01,1.533631773886017680e+00
1.353911698578517342e+00,1.069890681538999022e+00
1.029114251355461862e+00,1.659161944202118377e+00
6.997896554607264674e-01,1.679437780266388236e+00
1.695297394662772072e+00,6.826959654134341360e-01
1.797679776406924113e+00,9.790893814377726878e-01
1.624443857154732163e+00,1.171947174015387505e+00
1.346971330570878589e+00,1.550572378007079699e+00
1.561469986663676979e+00,1.344049216801006974e+00
1.916027687856153294e+00,8.610296418251429662e-01
2.897769735757136922e-01,2.007372648476160482e+00
2.046280776429165282e+00,8.448298396224778184e-01
1.775198585495116221e+00,9.862224107786243810e-01
5.806687692130840794e-01,1.278047628797471358e+00
8.180305170427406569e-01,1.630841740395639894e+00
1.867574028762071903e+00,5.123850592434578965e-01
5.815134983114420564e-01,2.032214106463937409e+00
1.446986223783261361e+00,1.222804070751434713e+00
1.469255581366093022e+00,1.282402800379135899e+00
9.599576145181675235e-01,1.776194618547183524e+00
1.950385727178358009e+00,1.273797022524514322e+00
1.640604693889031740e+00,1.545481685567005714e+00
8.073991375461362363e-01,1.407222020101750237e+00
1.933110164812477771e+00,1.192725661205383814e+00
1.876595504028451877e+00,1.614428714261846975e+00
1.682273632906426064e+00,1.499451724040385292e+00
1.878520108021148882e+00,1.052806981334163838e+00
1.630321029014151879e+00,1.667077079034089859e+00
1.562833117490112000e+00,1.652187293201338836e+00
1.392522248456648404e+00,1.973469071660604257e+00
2.000327099772982287e+00,7.655672628367871102e-01
1.617882801466549836e+00,1.424788586315283379e+00
1.730941402144270169e+00,1.218940640439945877e+00
1.849219704227669459e+00,1.426737620479292090e+00
2.227063982204660508e+00,6.090700331686955682e-01
2.139212889560428543e+00,9.519135411712047468e-01
1.275863432799821506e+00,1.842094760105168039e+00
1.920874949595073433e+00,1.072393462612197812e+00
1.824848606602514245e+00,1.238399336527453265e+00
1.359086621687197738e+00,1.161889776731718449e+00
2.031869981743394060e+00,1.127341251927934440e+00
1.248999262459678183e+00,1.723549782822644039e+00
2.033037054526796616e+00,1.186591244165823733e+00
1.940614133283261600e+00,8.886080830622746785e-01
1.535922565532262363e+00,1.726081127169984963e+00
1.867345227766708193e+00,1.307479896631192462e+00
1.834526005588966724e+00,1.443423053864981487e+00
2.083334750048327244e+00,8.669381838690537467e-01
1.693645724413322284e+00,1.340771267001438893e+00
1.503807506823409579e+00,1.635072978689171119e+00
1.572254636794620186e+00,1.481450115520016819e+00
1.406375972773668437e+00,1.612715214761975435e+00
1.979250399104553804e+00,1.080870748027682904e+00
1.859513905590188587e+00,1.211187048803378685e+00
1.636981447092732633e+00,1.670402122294924352e+00
1.692624279821960398e+00,1.205886152542067880e+00
1.674870716311221974e+00,1.006286076972034094e+00
1.427341499338116604e+00,1.534279977438600007e+00
1.717586007619198218e+00,1.272830161640648106e+00
1.147711970569738504e+00,1.841294583023775022e+00
1.640277699007106849e+00,1.498716379064102266e+00
1.637132086605055603e+00,1.059666038560505674e+00
1.670058056517527145e+00,1.222949110540066719e+00
1.593496429298904005e+00,1.449945936958100701e+00
1.946541891543924319e+00,9.052131511479613035e-01
1.120039205990664533e+00,1.908078194471306333e+00
1.638121503127581757e+00,1.406519983763056869e+00
1.975421725647704463e+00,4.980534949340729156e-01
1.646755167244943641e+00,1.456135466929631139e+00
1.595540959863058994e+00,8.717549661694716789e-01
1.091477124032632195e+00,1.739219272702196672e+00
1.458078993059266137e+00,1.586558650376609814e+00
1.152963146288837448e+00,1.316590848174922224e+00
1.212035902954277988e+00,1.438182621674971351e+00
1.137390016424989048e+00,1.370647243915150026e+00
7.064500931241481929e-01,1.798999037583998373e+00
1.443864538867092318e+00,1.736312518521821779e+00
1.003761142105380477e+00,1.751424942441979438e+00
1.635407062483512863e+00,1.548278135775531972e+00
1.827837430370239158e+00,8.798009517014474534e-01
4.649280871345438104e-01,1.630765448594493350e+00
7.550786560438804695e-01,1.829335394870172715e+00
8.240389008800892423e-01,1.639223971247290690e+00
1.311443870464075623e+00,1.644713042740841402e+00
8.162419176390810494e-01,1.600869810941628391e+00
8.656447064675516501e-01,1.797372993748654446e+00
7.329949243029429962e-01,1.367301054970956997e+00
1.017119672708893807e+00,1.546144064155645870e+00
9.521462676782961321e-01,1.507142480912824656e+00
1.477942555852619799e+00,1.429962319158400108e+00
1.278359048230274464e+00,8.328861141060425188e-01
1.363576326471551248e+00,1.457195922758256268e+00
1.134419480554364146e+00,1.699121653621036954e+00
1.840390941176827111e+00,1.034045261033863516e+00
9.226719280409906299e-01,1.872581423502628573e+00
1.598437759681043291e+00,4.970786815249081947e-01
1.041703685640984922e+00,1.758811701444531916e+00
1.913717185516489616e+00,1.059061113635976215e+00
5.188063077678667367e-02,1.581403746570872570e+00
7.402906234392312435e-01,1.916892107191587424e+00
8.949763454125367890e-01,1.503548057100894564e+00
1.726843039587055539e+00,1.191095224753153436e+00
4.832450054466704836e-01,3.809097761977050522e-01
1.583233887334627887e+00,1.157877691850083046e+00
1.330321031569797530e+00,1.131212562026027602e+00
1.091757560253609816e+00,1.582347865553782151e+00
1.809229607996618361e+00,1.427001548399935427e+00
6.777170521936025649e-01,1.449394498233753437e+00
2.070359012770961904e+00,2.307928266214922253e-01
2.145415542390893548e-01,1.608543505379026017e+00
6.643436681651625486e-01,1.850990173466378508e+00
1.833934258330867095e+00,9.749050681109534544e-01
1.155605258681604353e+00,1.707043980026892394e+00
1.361192976666744103e+00,1.615764915675427904e+00
7.306428845662715776e-01,1.354938827906823517e+00
7.059206065055558810e-01,1.286164246362658803e+00
7.618619144584423131e-01,1.165267559843665035e+00
1.965267082905954199e+00,7.720192425879166542e-01
5.848217496028523810e-01,8.995713758437784424e-01
6.190085919866945563e-01,1.507160393578897084e+00
1.099127626137153202e+00,1.919803820384625492e+00
4.978937465309175026e-01,1.533056912312045883e+00
7.170039173832373214e-01,1.455715514597307525e+00
1.722099974678470868e+00,1.137448303992452114e+00
1.832127099328674236e+00,1.157639270319724467e+00
1.312937147043331532e+00,1.533274744909819853e+00
1.013813626111891075e+00,1.512623766080022358e+00
1.673187719577057475e+00,1.670781578339861184e+00
1.293409072079839683e+00,1.450345423861196803e+00
9.346718480840492393e-01,1.738790688878488533e+00
1.670792049815369884e+00,1.397335879090977784e+00
1.879985049349172543e+00,8.729317043007267518e-01
1.420834858920366539e+00,1.227328364144488093e+00
4.422405276146000874e-01,1.663770187512496834e+00
1.311298038167277191e+00,1.371069713271945822e+00
3.380663034675993051e-01,1.833038386600573499e+00
7.599579431606177105e-01,1.729550634816753973e+00
8.940099012172062487e-01,1.905569156024321531e+00
1.429059164129495185e+00,1.438129190126986146e+00
1.117702280400174830e+00,1.311259648601333261e+00
2.125142667323619339e+00,9.414770301077355352e-01
1.655657134785453621e+00,1.122172407657577642e+00
1.332813898219072701e+00,1.454731248438891233e+00
9.995037797922030620e-01,1.574536021312327172e+00
1.156253667537217034e+00,1.166608166982433969e+00
1.191663030032807935e+00,1.142267481078647284e+00
7.215853096464336369e-01,1.825352052619954035e+00
1.326942503157104047e+00,1.375312869651571512e+00
1.669240918533863027e+00,1.154759218043112989e+00
6.973448793751363395e-01,1.685848668614227330e+00
1.264090009885703747e+00,1.296538873808752657e+00
1.112116134514216315e+00,1.536991172004819051e+00
1.723392992712224903e+00,1.281787699348228227e+00
1.325872671726379348e+00,1.502123844300210065e+00
1.477431722421518989e+00,6.185667500459067769e-01
9.333585401008327453e-01,1.821026041684958852e+00
1.075002946451657726e+00,1.450972744583199470e+00
1.762524439370279028e+00,1.389596934257540273e+00
1.584071863296963700e+00,1.295244538362306574e+00
1.097372196850584292e+00,1.607652091823245311e+00
1.866601606768539590e+00,6.974069809999215996e-01
1.594016640637521798e+00,1.462920831177539904e+00
1.271238876358026459e+00,1.400621639969023002e+00
1.444555040039948945e+00,1.061922321107786171e+00
1.296864263783366333e-01,2.184813544631942772e+00
1.279621830122822157e+00,1.471560072902362348e+00
1.795215859723304552e+00,9.342591844507350807e-01
1.015549342794643373e+00,1.385483238733067557e+00
1.145841821946208094e+00,2.070568470338892908e+00
5.463435528780156147e-01,3.047511081456997784e-01
1.680267468675422649e+00,1.370459783054474467e+00
1.391010014640140513e+00,1.829982311036850717e+00
1.556510543042668226e+00,1.493453346518193170e+00
1.652750446969211584e+00,1.879477756332080585e+00
1.435461922909935684e+00,1.053683487679216713e+00
2.153754170579722516e+00,6.414539909465438727e-01
1.276424318913431222e+00,1.088177613069384986e+00
6.511338422620686073e-01,1.704970062686750554e+00
6.587195924121064250e-01,1.513651040717523877e+00
1.693319730630993059e+00,5.682343603794295372e-01
8.961340593385500597e-01,1.132243664827529583e+00
8.008082349313431214e-01,1.658614176656162620e+00
1.454227744119981347e+00,1.240199880062408333e+00
6.426844000772810039e-01,1.924953168218250132e+00
1.011318089743337367e+00,1.352243420570346855e+00
1.337230159039951571e+00,1.083912917692954947e+00
8.436751164478571985e-01,1.756665077879672632e+00
8.361568912565394696e-01,1.768483796326005830e+00
7.953476042127912704e-01,1.907704981624035678e+00
1.676343935298866272e+00,8.616056027735753409e-01
1.518643749129404918e+00,6.319538552613310767e-01
9.286631388656139130e-01,1.006869334463510235e+00
1.065896435634098527e+00,1.901069465586757046e+00
4.136243738803436765e-01,1.769592278672464492e+00
7.843573472835646543e-01,1.614863791262940440e+00
1.813414914142865042e+00,7.825461016262188485e-01
2.026818623323065172e+00,3.067687396529443222e-01
6.142422123780625354e-01,1.747529053319033965e+00
8.425342203716305045e-01,1.602723066978468891e+00
1.942830981320975203e+00,8.193976809874518041e-01
1.469423109828192242e+00,1.270155624789013338e+00
2.013755798265448149e+00,8.455315004708718885e-01
1.364752121882841340e+00,1.401509999441125975e+00
3.377990096057782443e-01,1.835939337349043798e+00
1.044873795038680081e-01,1.905630203655764188e+00
1.288166303748583097e+00,1.188861922599338428e+00
6.076977517844033283e-01,1.574515938875803878e+00
1.506736594034435051e+00,9.401983439246332230e-02
-1.810988132251570015e-01,1.521901314067435340e+00
1.252015872302622235e+00,1.376541844886234323e+00
1.083882719530274708e+00,9.777699335748115672e-01
1.216795290284776954e+00,1.403565081998005448e+00
1.935928710358094218e+00,1.379198284676876884e+00
5.692217399155267143e-01,1.412850148592458721e+00
1.025563934420261170e+00,1.628617795293429094e+00
1.223350780226011292e+00,1.371432644340067730e+00
1.331914771098731798e+00,1.453135502838509563e+00
1.748403349530399664e+00,7.075960402450933717e-01
6.589825787715450911e-01,1.370204141022819400e+00
4.320492415145525400e-01,1.671335900670006813e+00
7.067627239430974706e-01,1.623918950203740996e+00
6.379051164873011937e-01,1.816783135935776894e+00
1.290045460174330083e+00,1.484357964117031470e+00
-3.660046285325434523e-01,1.813741940955018173e+00
8.611248010903357342e-01,1.325491403926253975e+00
2.762398317185305041e-01,1.797585909416882899e+00
7.584662408712068427e-01,1.707973153142919420e+00
1.669514445167942673e+00,1.017411555829854208e+00
3.109326879863337223e-01,1.774203694414794308e+00
8.328088535565301154e-01,8.722761262842286811e-01
5.884962340226880251e-01,9.090264451625430508e-01
3.594416527500071679e-01,1.569930467022134346e+00
1.424583744656753859e-01,1.484570005515755353e+00
1.042113044044774339e+00,1.787911302570018179e+00
1.129526030603940301e+00,1.281196136668431018e+00
7.976935921380871042e-01,1.752358171871442716e+00
1.990360404017933238e+00,5.897283542636237996e-01
1.624570585798163158e+00,1.119401531444901732e+00
-1.392703217610533895e-01,1.828387963075708722e+00
8.473251349274548705e-01,1.277027328037474208e+00
8.956064363310899390e-01,1.832719836861680829e+00
1.063271397096452464e+00,1.041606746148397322e+00
1.552474758274359434e+00,8.524091404036950870e-01
4.231600274466882361e-01,1.293819123604921684e+00
1.259215046334722476e+00,1.471452805940971720e+00
2.384924956869304946e+00,-6.940651612475857712e-01
4.754850441023124596e-01,1.611051704350954239e+00
5.669403604418226106e-01,2.035127283781472229e+00
6.756057456673617567e-01,1.840136250870482826e+00
-4.572034902393150579e-01,2.518562474622714209e+00
2.648910649877831980e-01,1.534109857382732089e+00
1.601638396072710746e+00,4.574148954199937500e-01
-8.443944140887016392e-02,1.827736134372563548e+00
-8.225746102711728458e-02,1.622374806393260815e+00
7.239136428063736028e-01,1.745238273681237073e+00
3.814075293308576420e-01,1.336931519491955767e+00
1.007879513482751399e+00,1.100793676987558811e+00
5.110445998418475799e-01,2.051832300126180897e+00
1.174862871061660430e+00,1.487918195291514589e+00
1.339661367627762445e+00,1.389790773093589671e+00
9.365631131156019196e-01,1.612810182555759475e+00
6.231146133611852322e-01,1.211777104061193322e+00
1.091885593601091414e-01,1.521928290354124913e+00
2.020405623888169355e+00,1.383070241654400512e+00
4.830753528709464950e-01,1.674579189147770597e+00
1.289634816037764420e+00,1.138783824407404666e+00
9.318439512313757556e-01,1.362611761696340018e+00
1.259637697975558801e+00,5.966643557719499835e-01
9.130461192556386107e-01,1.238494361404392841e+00
1.725608137470939996e+00,1.005997706910918499e+00
5.252291709195755498e-01,1.517211226179740136e+00
1.037461381782451175e+00,1.634146098576590322e+00
8.794590576344182287e-01,1.493887492884798940e+00
1.077274522061582473e+00,1.628101207248956017e+00
1.256851798745140858e+00,1.592452120346184996e+00
1.430702848078761802e+00,1.459821995046247434e+00
1.293274268892218526e+00,1.561291986191088554e+00
4.332393291157792814e-01,1.491930390171295473e+00
1.357031714389945520e+00,1.584755483502134021e+00
4.812338464221412870e-01,5.288169990223692274e-01
1.889881937718376870e+00,9.354049483328263914e-01
1.124797473080025423e+00,1.258195308952405167e+00
1.756236804325204792e+00,1.552939995778895854e+00
1.909729897101728691e+00,8.713719304546939659e-01
1.490914365890337434e+00,1.573736077849135606e+00
1.749093524716454295e+00,1.301615819377959893e+00
1.090100453178856510e+00,1.675529340207752016e+00
1.589212988076812660e+00,1.355777754950771907e+00
1.618420253918988250e+00,1.174942111123348454e+00
1.651507986638838243e+00,1.372261217541319800e+00
1.624292527885761617e+00,1.415649932084237950e+00
1.373035025894778993e+00,1.344421222036547681e+00
3.751724897183069118e-01,4.568415597322945110e-01
3.310077799585274261e-01,7.884994687574760075e-01
1.355840543349784433e-01,8.350277633451784753e-01
1.267907096711564652e+00,8.122789342220136655e-02
1.226726761478257988e+00,8.439350609416396143e-01
2.095167060693555738e-01,1.059518683632215907e+00
1.827523316519263252e+00,1.115194577942697718e+00
1.274079027248794960e+00,9.083967903137515343e-01
1.749817647317766012e+00,9.233619480132504442e-01
1.278836000306242227e+00,7.664730098752462473e-01
1.561026198647943231e+00,1.102760432239692889e+00
1.117514484924251095e+00,1.580558117072137225e+00
5.355636984357008412e-01,1.714604147673549628e+00
7.103838743560479674e-02,1.701907297007365871e+00
8.404392384831125273e-01,1.671279831650062997e+00
6.372556758140577315e-01,1.442331872993346309e+00
5.747451396145268898e-01,1.149130943847516795e+00
2.473568271210455916e-01,1.589453866857821529e+00
1.433297492984661137e+00,1.210122683175018921e+00
5.780267728218506651e-01,1.197313252682487450e+00
1.720616308506852377e-01,1.073508832310246186e+00
1.221208155324210454e+00,1.272327440757285322e+00
1.197078903573061126e+00,1.829574255602064436e+00
1.403647088593097836e+00,8.188946299154452602e-01
1.624382413779241086e+00,1.099482667705874883e+00
1.805350899978342971e+00,1.176012026951365197e+00
1.874286123285372030e+00,8.725796038004883792e-01
1.763034373146354916e+00,7.172716079535318423e-01
9.934275431599612904e-01,1.621017032895135213e+00
1.119553560886639154e+00,1.646989078935162665e+00
1.509730473246344129e+00,1.417242289727681293e+00
4.757831131811964820e-01,1.911212981406076539e+00
1.936091741656487564e+00,7.897791996813688931e-01
1.029831936049452112e+00,1.760534470008680907e+00
1.114550946849906410e+00,1.598855923167741278e+00
4.564126046414306859e-01,1.857541654363717321e+00
1.494402132340624023e+00,9.307054153134171059e-01
2.143179692566322458e+00,1.033826897742315509e+00
1.895990980543537541e+00,9.006131202829441573e-01
8.093067737056542921e-01,1.500486618651014181e+00
1.053516213067693608e+00,1.384349977126906106e+00
1.793595733274000459e+00,1.333736128135656784e+00
1.843052367753910570e+00,1.355497613305608251e+00
1.780281334243052571e+00,1.566001158732615695e+00
2.232029398952954935e+00,6.181444534535119884e-01
1.821450459742617323e+00,1.243457712526362391e+00
1.875644633347941737e+00,1.550242254549904386e+00
1.814060674783106952e+00,1.374491564166611779e+00
1.020245048208638039e+00,1.847834213877934895e+00
1.315704403339873485e+00,1.695649927326744022e+00
1.867495457309342077e+00,1.239413685182686464e+00
2.036901330853885028e+00,1.039343633640484210e+00
1.888121594071050069e+00,1.228721459978335373e+00
1.626681123180911293e+00,1.461752450017235638e+00
1.550524666227816484e+00,1.291622931005973918e+00
1.501146235783727079e+00,1.318641589306458028e+00
1.877367790963794025e+00,1.313586113688189227e+00
1.981570558102851765e+00,1.141522955425556596e+00
1.224460046119943746e+00,1.517414561513257487e+00
1.370319939071859006e+00,1.835387976790035180e+00
1.815137957245137601e+00,1.176773365595645604e+00
1.683000093848902257e+00,1.516393924606434851e+00
1.818571504826978602e+00,1.180275909453319061e+00
1.149718275675023937e+00,1.788208848672561579e+00
1.279465154095299706e+00,1.395464642015956214e+00
1.293041731850043785e+00,1.634030079366753707e+00
1.735528240798720478e+00,9.925220334459193827e-01
1.738870780944885786e+00,1.160678245257558805e+00
1.963946609951250366e+00,1.183950397526169818e+00
1.568322783656848296e+00,1.377559135281802849e+00
2.007757659514357140e+00,8.385732257234528308e-01
1.770992207182468192e+00,9.400261035299752876e-01
1.980393376564270946e+00,8.944401435329139005e-01
1.735976952402947582e+00,1.330520912439628001e+00
1.883412705931123199e+00,1.305679868439686642e+00
1.974578258107866358e+00,1.113729961181496808e+00
2.009987865244168947e+00,1.174950777826036630e+00
1.927326215737333648e+00,1.055997626441812720e+00
1.775193732869647212e+00,1.609454260036383255e+00
1.401158388976656344e+00,1.597084241896399082e+00
1.945416201949160762e+00,8.496726591442351761e-01
1.706542761016488274e+00,1.030290123194630647e+00
1.717927511043151334e+00,1.420065979852266125e+00
1.405647217927144421e+00,1.790895614741391917e+00
1.857877144739788378e+00,1.161397808074890126e+00
1.724131036220273527e+00,1.207580127174767481e+00
1.742136087929265775e+00,1.301760355313130502e+00
1.838295101115732910e+00,1.316247783568040397e+00
1.975514898066497160e+00,8.768219104650459839e-01
1.444938457108936092e+00,1.591010224713035326e+00
1.707228240038304312e+00,1.409144137645762296e+00
1.767182647093398229e+00,1.429349073985777041e+00
1.927425606649016299e+00,9.510007779452454013e-01
1.810446274624317065e+00,1.263445724334731679e+00
1.555700874791575483e+00,1.358965532846940771e+00
1.943344022543274985e+00,7.906396106829743919e-01
1.882728132053041348e+00,6.650869605986406974e-01
1.665534177181638542e+00,1.104972486726583103e+00
7.870854375778358891e-01,1.628539723444370368e+00
1.628248706174536098e+00,9.421800963689033193e-01
1.616828366769164083e+00,1.383030496976479506e+00
7.022010498968805914e-01,1.901997002721079522e+00
5.958029738914393247e-01,1.357288931929258480e+00
5.229742036552443851e-01,1.424012471875611530e+00
3.267384975694031524e-01,1.990333860027294621e+00
-1.196263805188741702e-01,1.664406188867698200e+00
2.282728618811371124e+00,6.688182736078966961e-01
1.313924487059783486e+00,1.184486393950212824e+00
2.382329181350714697e-01,1.372876458098615249e+00
7.177946235196318581e-01,1.580590070791203727e+00
1.408500293877211984e+00,1.154822967913497145e+00
1.238892361419089649e+00,1.996322564758345464e-01
1.431677102328174911e+00,1.252291862965605018e+00
1.076475747865493826e+00,1.476098963713382117e+00
1.066410926506895729e+00,9.395389167457744994e-01
8.790489694490153383e-01,1.277905105759457038e+00
3.571831994037478197e-01,2.014598544284117221e+00
8.708676616378082658e-01,1.294198587952715807e+00
1.457583312034085865e-01,1.186278537077654072e+00
1.774060582371626449e+00,2.794285657296434189e-01
1.307096693607968874e+00,1.328402948399260097e+00
1.712477410110379905e+00,1.013106111449789681e+00
9.180727022006074378e-01,1.531340684298655441e+00
6.503619237309845591e-01,1.280548937233487061e+00
9.290482306164966619e-01,1.559626937619682296e+00
7.405577870138049246e-01,1.677493765979485518e+00
4.858714172514102536e-01,1.551416035555779560e+00
7.060808958796879198e-01,6.663409022558831607e-01
5.822267702055508032e-01,1.555611757845733800e+00
9.364800358172031824e-01,1.777364441420486996e+00
1.029245913851164262e+00,1.313194273528228484e+00
8.651749379612158064e-01,1.851643305392639771e+00
6.268958511603240913e-01,1.498859639474570793e+00
7.904773796203046210e-01,1.393399471047958249e+00
6.858091976227652653e-01,1.191799542545150858e+00
1.147996863918637311e+00,1.088655122921647678e+00
4.941735494483925351e-01,1.877485841028495583e+00
4.419320329097484179e-01,1.551126905145030932e+00
5.737113422519704020e-01,1.348626301281991235e+00
4.925206041728216189e-01,1.887069508550987873e+00
4.423900460292251591e-01,1.424056046753076510e+00
9.909873237273696400e-01,1.534666288365857723e+00
-1.636845792086714102e-01,2.063039562457608334e+00
2.013087890972264482e+00,4.891499874491173627e-01
1.290675529373161767e+00,1.106174477762281727e+00
1.536625628129778098e+00,1.176146746823844902e+00
9.137773986142968541e-01,1.340702110492471011e+00
1.376826497638050428e+00,1.368023803367628410e+00
5.772328812145178789e-01,1.278827139037463034e+00
6.010744168331525472e-01,1.343323627191647551e+00
1.163095213208426237e+00,1.538959684124707072e+00
1.157578105706943861e+00,1.774887030508615959e+00
1.854111191080267673e+00,1.177523995850206839e+00
9.921326299703887575e-01,8.422202775203233571e-01
1.209202576144443597e+00,1.521483423302955051e+00
1.063647444884838089e+00,1.151864118173981488e+00
1.485127430578044194e+00,1.234936674103906729e+00
1.583799794073213585e+00,3.645302002940261077e-01
7.229813719008083561e-01,1.467330542481413591e+00
1.128688611213445991e+00,1.400638484583882404e+00
6.376010963386384844e-01,1.683335992178043750e+00
1.393361009963872910e+00,5.764903298186004887e-01
4.873426507713023437e-01,1.492842967669029131e-01
1.528150434489423670e+00,1.217431954167426111e+00
1.693817020625880021e+00,1.384063743143834069e+00
1.399943752022563270e+00,1.432176326593251670e+00
1.924752410915365752e+00,1.423365106884543652e+00
1.536456786773558791e+00,1.627413253305127316e+00
1.262136711368522235e+00,1.257396131783249160e+00
1.721608742683858440e+00,1.483080396770645182e+00
1.877060437251422131e+00,1.131250102379942390e+00
1.517993916846610114e+00,1.435315390121077561e+00
1.461096212111586246e+00,1.204631691528489368e+00
1.703314656418629003e+00,1.166906446872010283e+00
1.948176786130461302e+00,1.101441145698647039e+00
1.486826655884191162e+00,1.608211228882161059e+00
1.531176368295092294e+00,1.641448060745964055e+00
1.322823699685294452e+00,1.499915336212954031e+00
1.912148946945453121e+00,1.081310053064274523e+00
1.861362215937083286e+00,8.791332108590925731e-01
1.586733178566184899e+00,1.277085862823940543e+00
1.465374356799040045e+00,1.345062918964042620e+00
1.135512982009313721e+00,1.319516857935760790e+00
1.093729489439814628e+00,1.291774028182187894e+00
1.301759483813528018e+00,9.686901466783850445e-01
1.132031748441312491e+00,1.413699795878037957e+00
6.327999918841478721e-02,1.730436729330173229e+00
6.280921043341193277e-01,1.928745316202573834e+00
1.076739734057770459e+00,1.388968042673687009e+00
1.241480898006598110e+00,1.156336102188651349e+00
9.447987209118517971e-01,1.474800228315496176e+00
1.293759795373983223e+00,1.424914156893819728e+00
1.336958632620511400e+00,1.267662788653524331e+00
9.602674740339769421e-01,1.764483153657538494e+00
1.588747084407414745e+00,1.157043304279939955e+00
1.806253886149680632e+00,1.022926545606109405e+00
1.526637238621079362e+00,1.567564932177972992e+00
1.813793993556271911e+00,6.274406510062671138e-01
2.174087168556671834e+00,-1.417010726159373402e-01
1.193372270298114435e+00,1.370817611829041383e+00
1.476360077669590876e+00,8.946992405387226288e-01
1.763055049120773043e+00,1.043136147549051707e+00
1.645664579418508744e+00,1.324804313345264051e+00
1.558250320152098967e+00,4.946587729690603563e-01
2.153850008337014454e+00,7.397158015645067808e-01
1.816601111507097688e+00,7.084301135640954650e-01
6.404919325058899826e-01,5.955952102404001858e-01
2.030764607305567182e+00,7.356314826231767912e-01
1.580616348337945842e+00,1.542633973644163659e+00
2.147063196080829961e+00,8.707795166098871720e-01
2.144681852942301958e+00,7.678746812825201218e-01
1.586983434862048847e+00,1.452722835856588235e+00
1.465382656759213864e+00,1.310548830196877734e+00
1.840277081634622336e+00,6.543799628392249490e-01
1.518919704217642996e+00,1.653971548260085189e+00
1.842436838749052397e+00,1.076971838515793589e+00
2.159960593581884414e+00,5.515195970175159612e-01
2.239376387615700015e+00,7.316178319567553379e-01
1.513876389304077863e+00,1.430949503030670478e+00
2.240363554726084949e+00,5.175184972743229750e-01
1.857016321436282258e+00,1.408760761894619629e+00
9.809830984809266852e-01,1.757593515831536779e+00
1.543688565175665550e+00,1.677900155236362378e+00
1.412336781024909227e+00,1.480812847943315136e+00
2.109592165706632549e+00,9.085388816511817955e-01
8.434388719949061919e-01,1.775867506425271358e+00
1.859150609067566684e+00,1.112604211745394922e+00
1.969844503983308126e+00,4.861151626111609447e-01
1.127978105674118270e+00,1.154840736199385320e+00
9.671671404412083284e-01,9.922085297289704453e-01
6.621315668327401038e-01,1.070021644135343841e+00
1.709824294519194599e+00,2.308421591458930944e-01
6.604694749052451019e-01,5.100846308028734732e-01
6.503991753330230496e-01,1.898186891539724863e+00
2.014303723103504584e+00,6.725254257610757680e-01
1.211302277268391459e+00,7.646650316231512479e-01
1.473759713197501986e+00,1.282641778204999916e+00
1.154288871104131253e+00,1.219489952741123151e+00
2.065319877883667665e+00,3.145504778990194650e-01
1.260675791105595245e+00,1.367010834921224660e+00
5.984883854618101573e-01,3.614764332574865735e-01
5.027980107424230294e-01,1.559946040250703714e+00
1.147397596292796695e+00,1.264421427783520402e+00
5.816511823491750111e-01,1.242521599229995832e+00
8.777216109426531077e-01,1.169649992466075927e+00
6.385776227498789481e-01,1.613316689629832990e+00
6.614179578440806395e-01,1.070933224904864867e+00
1.172831764843120572e+00,1.703456423553750154e+00
7.239699750974251113e-01,1.662739485361912628e+00
1.628963512185183093e+00,1.122999213559022325e+00
-5.534177752421311908e-02,1.431688964838585321e+00
2.311558721594931254e-01,1.155433334734008444e+00
6.911197036059645304e-01,1.569846710910987486e+00
1.546839930790432138e+00,1.224307072038201660e+00
1.069517051681958764e+00,1.562294818135686603e+00
8.199029176514153194e-01,1.983263453089908479e+00
1.985110971756941511e+00,8.508757633903557549e-01
1.868547528659470380e+00,1.273786635614550189e+00
3.634415002883006895e-01,2.469802581695966115e+00
1.073229377661315098e+00,1.357719825767981225e+00
1.961808877113280891e+00,7.172285429747217167e-01
1.178639249779565912e+00,8.531457471977952345e-01
9.671541247462503987e-01,1.811705186868518114e+00
1.731850020785943745e+00,3.056871456090410333e-01
1.194710346619280994e+00,1.801225677086353283e+00
1.472006780599263598e+00,8.685396795768313138e-01
1.416151884816130968e+00,1.179940825725239284e+00
1.275081031574419654e+00,1.087659670835400494e+00
1.610182099061058025e+00,1.400009161158137783e+00
5.077541649565985304e-01,1.504855755775009740e+00
1.972477118072682778e+00,1.045550713961598710e+00
1.874043657172122401e+00,6.278846864474232348e-01
1.896176905915624156e+00,1.088646528427129834e+00
1.244497326218462208e+00,1.536790065895670132e+00
9.503932947345147264e-01,6.656483929997986104e-01
9.918408258264008737e-01,1.511338534026556824e+00
1.459654680024340179e+00,1.200477641541813467e+00
1.504617632158767426e+00,7.778492719959194668e-01
1.869340122657852543e+00,5.279405287532242808e-01
1.008761667116346628e+00,1.532801133378681513e+00
4.543657527167672128e-01,1.603976164917209291e+00
2.252986769095474351e+00,3.811066013673578556e-01
9.806366948925574478e-01,1.071718398434493569e+00
2.133447514402324607e-01,1.909681373555445649e+00
9.839187840814804797e-01,1.763667798621699312e+00
1.080624361457643401e+00,1.161712864571150750e+00
1.000486961610262515e+00,1.473206042111764091e+00
1.301814569510916231e+00,1.418581319530892504e+00
5.042402913430190647e-01,1.547483514891320411e+00
4.687118188502014116e-01,1.269351018591353020e+00
1.342373658800939618e+00,1.440853733063646169e+00
4.261882854757700345e-01,1.680413427084662903e+00
9.196598084149966157e-01,1.664426628023689014e+00
1.610996477081755529e+00,1.220325626603538938e+00
6.042163476695484592e-01,1.692556016156059995e+00
1.093839771503856140e+00,1.735627471814005673e+00
1.459243825115458693e+00,1.376350690679374100e+00
3.000685952250649047e-01,1.525176641354549556e+00
1.360369273661517386e+00,1.666004450021783212e+00
1.421845185383042720e+00,1.591963603802044602e+00
1.289890799207259020e+00,9.839766363502754354e-01
8.441494010759343913e-01,1.296222202744153673e+00
5.161038025746110813e-01,1.937531431971813545e+00
1.298373659402716873e+00,1.347760093574153828e+00
1.269846849554554069e+00,1.195778424637571113e+00
9.116268016922062234e-01,1.807142246938258534e+00
7.169778055079907286e-01,8.395545299123532423e-01
1.448773145245964455e+00,1.195919538028407336e+00
1.901567426177219966e+00,1.336744479536479346e+00
1.168056801119054411e+00,1.623276457606501522e+00
1.518584615317591036e+00,1.188810928295923386e+00
5.235320170408226392e-01,1.796094522066351562e+00
7.460918755826715376e-01,1.686470243490237220e+00
1.844446860522666931e+00,1.220349706677190449e+00
1.058463190143568156e+00,1.559807663900844243e+00
7.034946158186219378e-01,1.814578892743021754e+00
1.951465169599660099e+00,8.770043674842860071e-01
9.478050506448952861e-01,1.442828160752338551e+00
7.306944022831113328e-01,1.743489723286372417e+00
6.435568132793834106e-01,1.477777597635407281e+00
1.263063042602402986e+00,1.232602584154854242e+00
1.066809119386891436e-01,1.291605164347602974e+00
-1.631053855354274995e-01,1.610238861698395585e+00
4.730960816326407747e-01,1.540802236916713586e+00
1.163450997646115592e+00,1.307082434979989882e+00
1.393277966682895830e+00,1.306815859184370154e+00
1.143490451319736367e+00,1.450381071864273785e+00
4.979464579451725048e-01,1.723757839791796753e+00
9.944559682124525235e-01,1.237888500053200946e+00
1.444834040587092527e+00,1.040014561185051312e+00
1.106705470936196534e+00,5.606086522593991539e-01
8.202824866182220065e-01,1.512836720634230137e+00
5.635812177125334305e-02,1.670141500416490121e+00
1.946738673076640946e+00,5.003122342964538838e-01
6.446462974024499415e-01,1.433867864574469797e+00
1.896476627870135045e+00,3.113441796594221267e-01
1.974660899925901436e+00,2.467272781060923098e-02
9.148354038025429125e-01,1.746077509042968545e+00
5.178303982470707778e-01,1.494389814729425225e+00
7.354120788478949455e-01,1.826709218073548691e+00
4.091438270076218076e-01,7.826564090441845423e-01
1.357469295199794646e+00,1.307353772441346429e+00
3.571061732577925363e-01,1.501390678442442450e+00
1.428286496732108057e+00,7.952301494887201727e-01
6.883183771162675324e-01,1.769403397823689383e+00
1.428285860710821309e+00,4.475867093938736274e-01
4.299231957574443652e-01,1.521422208554937816e+00
9.117496729992272675e-01,5.122005783436814896e-01
5.247379611330428295e-01,1.877357648526606582e+00
1.501664621327100102e+00,5.167805113288205243e-01
2.584009186754491205e-01,2.473480871534150083e+00
9.206382650956620450e-01,1.275546929704047816e+00
1.558311852494154381e+00,1.156094801577176145e+00
8.920288834775031983e-01,1.268517779899523301e+00
8.880870931925110012e-01,7.672653063370047377e-01
1.652387894826623738e+00,1.202730348246020542e+00
2.518813141188935401e+00,1.212810625036558759e-01
7.915699249250527370e-01,1.854306229241623472e+00
-2.381624346900041989e-01,1.611824136958671216e+00
7.652512233451083112e-01,1.488135279343297146e+00
7.410514506633463228e-01,1.595115666802083387e+00
1.060825250357383842e+00,7.133770196716998635e-01
2.303208205216026538e+00,-2.792237162028466391e-01
1.708683606671573818e-01,2.330233027222361031e+00
5.710468805561331740e-01,1.371437070920756396e+00
3.048157819926464729e-01,1.768775621779635321e+00
1.791373649656308409e+00,2.233593382260823101e-01
1.015259064411011103e+00,1.244978058430474155e+00
1.806103172537913970e+00,1.044517276005164197e+00
1.491905980364522710e+00,1.160329000343002459e+00
1.047590298133370901e+00,1.078451204292895316e+00
5.662107005470888854e-01,1.615481911099833523e+00
3.990508641597221851e-01,1.858257718762646116e+00
7.295628419899818917e-01,1.528287911655122011e+00
1.799600719011552830e+00,1.051584740744923696e+00
5.678400657933868612e-01,1.590066305378223133e+00
1.704733566602975925e+00,1.172975718084408703e+00
8.917995234834480422e-01,1.246734433442562295e-01
6.307306829183590979e-01,1.680535487926711591e+00
9.951318984328905159e-01,9.503543337431094029e-01
9.461033292588461041e-01,4.937757677314853488e-01
1.570065509383562485e+00,3.338339269828386469e-01
5.859857246594341040e-01,1.183774857221976839e+00
7.112241727778396694e-01,1.382640398156871342e+00
5.259756039428753471e-01,1.690605770733468738e+00
9.267841905717684181e-01,1.309628333033866499e+00
1.144849897825378937e+00,1.006085661512108764e+00
9.876427787885317944e-01,1.238747914765371716e+00
9.012664953848974481e-01,1.468859629176618053e+00
5.644584694686612947e-01,1.444596089621567714e+00
3.846901783739827829e-01,1.678323391931171971e+00
3.342921242676927251e-01,1.680094658694719412e+00
4.726912893774884994e-01,1.412922853945396628e+00
5.206076050055630233e-03,1.400569361343081409e-01
1.061671081978303510e+00,8.691963598202067098e-01
1.250948658192060803e+00,7.895841223374835405e-01
9.367704114509776137e-01,1.542857592318615190e+00
8.249550753765527711e-01,8.921174431629003143e-01
7.576776716339265194e-01,2.494458123375474123e+00
1.589851615142979124e+00,1.436441142130847393e+00
1.501996265192286018e+00,1.473748454165922039e+00
6.177694199884022908e-01,1.638913140015542558e+00
1.774839221540015277e+00,1.515209470962921356e+00
5.950171843933996785e-01,1.466079089126471668e+00
4.359549909873455253e-01,1.517046336013893049e+00
1.073975573009298801e+00,1.370366204670990795e+00
1.037891266955491831e+00,1.133046285347612647e+00
1.654745549644743186e+00,1.012312579914202981e+00
1.062645910283710915e+00,1.533821612993934158e+00
6.760103059617340593e-01,1.507138227273871145e+00
1.738958152573756077e+00,1.143517907902795061e+00
6.061300877462184600e-01,1.668016040477548589e+00
6.730623354509447376e-01,1.436127853463454285e+00
1.953230013971032131e+00,1.158110478430741441e+00
1.973138970671256098e+00,1.615159477105081676e+00
4.015631894531428436e-01,1.595595683678744381e-01
1.943365888221599613e+00,8.594776469969407362e-01
2.218493272105442671e+00,2.341178936513167441e-01
1.713547083437013008e+00,9.911207665178493054e-01
2.465896759188074050e+00,3.113865913039418065e-02
2.853415699437804598e-01,5.544531817723516998e-01
3.608476984873430493e-01,6.272588089929933552e-01
1.369553120227852583e+00,1.011810427735029494e+00
7.342658496299911963e-01,1.530541902028047740e+00
1.498585495461338679e+00,4.182749411463631550e-01
-3.830867748579098175e-01,1.727218741014106218e+00
1.431078459923782686e+00,1.580344697436245394e+00
7.862214789389208036e-01,1.602820901201334358e+00
2.609483926601134485e+00,-2.121899806320270698e-01
4.318129964371925089e-01,1.904801250299102744e+00
1.954958111903051243e+00,1.321223019986594860e+00
1.613640949905105648e+00,7.599109611807610687e-01
7.118184614911726715e-01,1.457233742169617541e+00
8.328413780727659255e-01,1.257464768311458814e+00
3.864498454991276977e-01,1.191261535932665927e+00
1.598465811635035649e+00,8.265605977280069405e-01
4.739393219673880275e-01,1.632204758175146875e+00
1.232143702903983895e+00,1.338437335582258747e+00
1.426168489246911086e+00,6.215459773521546660e-01
7.392615715614154759e-01,1.210992826369057251e+00
8.430107740828403085e-01,1.122493131286553147e+00
4.206362958324305068e-01,1.636443552115531386e+00
1.072643488516827892e+00,1.419342634313309759e+00
1.104542624226282133e+00,1.145263208158862511e+00
8.216342536270169195e-01,1.392172726712221253e+00
1.210782866816983327e+00,1.594238395320582091e+00
1.942598303168362905e+00,5.601961197182889762e-01
1.742800637218465454e+00,7.082247501704013182e-01
5.132443632922251142e-01,1.077079686036773953e+00
8.857623186397918236e-01,1.684702182088318345e+00
1.610031991374983207e+00,1.172335206634177895e+00
1.456599700033273326e+00,1.349258344952812827e+00
1.802139725458093977e+00,4.735527923701372544e-01
3.276473498359014358e-01,1.098937126270440157e+00
1.033015747503465143e-01,2.096474024622865695e+00
4.961063467879492928e-01,1.485620834573669669e+00
3.231390017689356187e-01,1.539194567269010827e+00
-1.625071164395635592e-01,1.896801697193647662e+00
5.516177859481548040e-01,1.827210747616160536e+00
2.357682378673792822e+00,3.065781205775307550e-01
6.547226396802815485e-01,-4.162503925433899687e-02
1.928690944395507145e+00,4.667717115788502791e-01
4.197798897831486742e-01,2.024126742030252668e+00
1.483742314209656188e+00,1.307704418199283181e+00
-1.716874500392926162e-01,1.463185047633362768e+00
1.877178379803513764e+00,9.264989905504599221e-01
1.236721962245221906e+00,1.616942800293668103e+00
1.444924470602582334e+00,1.258633132442160685e+00
7.215641421512337672e-01,1.764866441015310095e+00
1.919827588217862591e+00,4.566260942680956392e-01
1.174809632544512095e+00,1.194673115173296996e+00
-1.103207672968496283e-01,1.999925231627662336e+00
1.169417939152436636e+00,1.924050714612902002e+00
8.004643092248194813e-01,7.945540868008588165e-01
9.647834173298631688e-01,1.157463797427225938e+00
1.538596040478356741e+00,8.574937154880561962e-01
2.400170492158990587e+00,1.048557847848647695e+00
7.468797309219804559e-01,1.637385678225485641e+00
1.417720145162013834e+00,1.472845145231408193e+00
4.107153238037004050e-01,1.794307737957698601e+00
1.401520480089739173e+00,1.093081802784439116e+00
2.286760456005075159e+00,4.037208863519909929e-01
2.045646426763147563e+00,7.818753715134050264e-01
1.700022519567768953e+00,7.132347251683027745e-01
1.953303697122088289e+00,1.116083651630795259e+00
1.921064224915181917e+00,8.945658144875622275e-01
1.860704048813146549e+00,1.314797106897835910e+00
1.071869423892792605e+00,1.460260352642866355e+00
9.401739345521754609e-01,1.526179916490357336e+00
3.878526311980649011e-01,1.611567203216759170e+00
1.627639905720195568e+00,1.265213604474944908e+00
8.145488427928633257e-01,1.527163866048813823e+00
1.115278345460095633e+00,9.180055750158168104e-01
1.726657442570186107e-01,1.817314714061789571e+00
5.119623616104662656e-01,1.181526001842463813e+00
2.060551198699236142e-01,1.651034706773362837e+00
1.408801341557962550e+00,4.929873305163189334e-01
3.475538295909323394e-01,1.585143577303684603e+00
1.753865116222616871e+00,9.276947232840294655e-01
1.510165424320851768e+00,1.620320243061312837e+00
7.880219621917389228e-01,1.828842794344423650e+00
-5.108657662041072856e-01,2.025364148719857038e+00
1.171999096208686586e+00,1.528250856605144925e+00
1.058428132636210384e+00,7.381034258440952733e-01
6.088052209307044382e-01,1.698583639245820898e+00
1.474160222852100244e+00,1.248889718551410954e+00
1.632106573108758285e+00,1.163779304339991993e+00
2.149205323977365911e-01,1.899290606380599211e+00
1.573812798736111462e+00,1.498749555189163862e+00
9.686395845586356357e-01,1.496232289298355944e+00
1.919012820817268095e+00,6.935111515804607274e-01
2.895809517114100173e-01,1.154455280707934461e+00
1.097562405287721310e+00,1.479643745425578416e+00
1.248830888268595229e+00,1.279933340583318424e+00
5.924692921843952576e-01,1.352531220330654094e+00
1.823793505019396743e+00,1.550759531098803157e-01
1.503000286396309448e+00,1.191247754315221563e+00
1.566966520985572986e+00,1.207281772294778399e+00
1.577008023329619757e+00,8.622269820777326288e-01
1.758175066645092377e+00,1.102943344214779575e+00
1.310538376186880738e+00,6.573995157172413117e-01
1.705443242773091450e+00,1.425560593296929968e+00
1.396187011835782865e+00,1.392695898297324320e+00
2.130716103830851527e+00,1.801346600963444344e-01
1.847517907256053027e+00,8.969563076402089496e-01
6.762152807668644350e-01,2.223271032506752398e+00
1.855474243039375803e+00,1.312187869907526894e+00
1.892480329330912925e+00,5.697734770001530169e-01
1.748289377393984712e+00,1.148246061483155556e+00
1.099042833138705877e+00,2.016139604403172303e+00
1.395458707579707136e+00,8.217335269170612522e-01
1.636900445213158584e+00,1.184813171860841674e+00
1.502644736537382508e+00,1.447160528983323369e+00
1.419997176064400124e+00,1.417678220051592941e+00
1.650547685706972523e+00,1.333709152524106045e+00
2.040402783539481568e+00,2.885157023930463027e-01
8.700906912137238436e-01,1.638359850703455800e+00
3.839837070776656036e-01,1.652278479453169302e+00
8.446767889739833501e-01,1.578260676096560733e+00
-3.436987154921666288e-01,1.448647519283559060e+00
5.116344454585654011e-01,1.540643036111791542e+00
9.814345734882027328e-01,8.393699750701500983e-01
1.144795068062340881e+00,1.416619019210969554e+00
1.735912540981196850e+00,6.859157136557725298e-01
2.551072663584740829e-01,1.296376460827359800e+00
4.094030332214081969e-01,1.400451750358115310e+00
7.232030088026752956e-01,1.162091787848415381e+00
2.033145484890461485e-01,1.761385344431474431e+00
8.104714024431747266e-01,1.521330225024777105e+00
3.574820502775226654e-03,1.810045597998549916e+00
1.112627720312622914e+00,7.389334921896357766e-01
2.826216473383866279e-01,1.454726918375566669e+00
1.050170071098658786e+00,1.280663749100442894e+00
1.238189422456554389e+00,9.407054059057383677e-01
1.225979290375089681e+00,5.138526113856358712e-01
1.011553607202759997e+00,1.149934648381951030e+00
9.956721029140375157e-01,1.670584198703869871e+00
1.285060543680887957e+00,6.961154398912148267e-01
1.967295490441881789e+00,6.913516476627895591e-01
2.339572127044622085e-01,1.246257354080205104e+00
1.306603867571066724e+00,4.824726806729836559e-01
7.128533618134383909e-01,1.150023623704236053e+00
9.647416844710209327e-01,7.988091861419469586e-01
9.589652329361167959e-01,1.231946703280108357e+00
6.828486484663396361e-01,9.992742684549604792e-01
1.992338386798176986e-01,1.698892475454514273e+00
5.782245127561320697e-01,1.410224242367229319e+00
9.839435896791529634e-01,1.607817093778980855e+00
1.754871580277480581e+00,1.060519364466175896e+00
8.951617313784613339e-01,1.548115885882509479e+00
1.421912666406885961e+00,1.729343967485595712e+00
1.701580162794519513e+00,5.574096148014889840e-01
1.499223797661466406e+00,1.133095839891704371e+00
1.294199072709581344e+00,1.297152820939959206e+00
1.574774535616552340e+00,9.306298997526573080e-01
1.567048162383377408e+00,1.108709081008284247e+00
3.685341858110799951e-01,1.211468726315293454e+00
1.082314604902099742e+00,1.218839745590352353e+00
1.171943598626359551e+00,1.312938627373268385e+00
7.071925810437884596e-01,1.830912501843823259e+00
1.863894019871356056e+00,2.640981722625454498e-01
1.033679684443411739e+00,1.853629955957407649e+00
1.798719218213837845e+00,1.411700727192588323e+00
1.478873766322552186e+00,1.526910727842025084e+00
1.666975871958374711e+00,1.237214149447354083e+00
1.512032999182564508e+00,7.517847513595764530e-01
1.580388663232942248e-01,1.717717643810838135e+00
2.062890438431162821e+00,6.114397838987591927e-01
9.907864175278707775e-02,1.764736807671735130e+00
1.867554007692813434e+00,4.983017722679765060e-01
7.861005678846838540e-01,1.465106733208327405e+00
6.030896385843006469e-01,1.665801512780535676e+00
6.005236783362954966e-01,1.108425264117337328e+00
8.045399586480850296e-02,1.452404336409684804e+00
2.032279843357885640e-01,1.792796308345413481e+00
-1.311023615366274098e-01,1.684431674801205814e+00
1.652098941839768853e-01,1.639581930887111128e+00
-6.933958163886145831e-01,1.892153038207849303e+00
8.348229229498800308e-01,1.592643702136097517e+00
6.804872495068106097e-01,1.447760669233593367e+00
2.245148947108780157e-01,1.129091162898018252e+00
8.747896163775251699e-01,1.280333944693544224e+00
1.601643007708048794e+00,1.572235708251851216e+00
2.871554833663071404e-01,1.450245283097350457e+00
7.982995243557328147e-01,1.687337033330454261e+00
2.292060980872117348e-01,1.967482920915607503e+00
3.063999069076016601e-01,1.660038910878379737e+00
5.659779626238393702e-01,1.964550511354532292e+00
1.576006203685261564e+00,8.462737483960033336e-01
6.761703440255397712e-01,1.707804851901665533e+00
5.613144221418181479e-01,1.451813681238393272e+00
1.823245649825393055e+00,5.178102972623722655e-01
3.885002725064955476e-01,1.459502602511655533e+00
1.043961955205036984e+00,1.759446015085799342e+00
9.023596525118972034e-01,1.511418622805492440e+00
9.982424439388759563e-01,7.944475052235910884e-01
4.123189328430414968e-01,1.859950115633415724e+00
8.501027910476213201e-01,9.650274630166416623e-01
5.223949444584847779e-01,1.642791422046527172e+00
1.050506373185832398e+00,1.637296148508496252e+00
1.404022081241693032e+00,4.384264643527837624e-01
1.096553609911691929e+00,1.244618733122399901e+00
7.449717428610640457e-01,1.445919315837563390e+00
1.099855840413096253e+00,1.338921958915316290e+00
5.400166217848459960e-01,1.703565327247066996e+00
2.406801536900973204e+00,4.787482826953428083e-01
1.131898844347909883e+00,1.755280768511080947e+00
1.683473753033442266e+00,1.734272441855012836e+00
1.899239832618809132e+00,5.094919834314980411e-01
1.371194406244513830e+00,1.175930630105925800e+00
1.496507011749781846e+00,1.016068190275388305e+00
2.125833969183562822e+00,-6.114601958958788136e-02
1.620392006382304739e+00,8.387795983269880074e-01
1.996377092209089987e+00,6.816075736390391215e-01
1.597727171952998404e+00,2.659451848926397965e-01
5.208458020109475450e-01,1.577305432239287208e+00
1.762766453290363078e+00,9.682061356410299746e-01
9.347688439574748376e-01,1.349335649488521360e+00
9.260866131373740595e-01,2.077647909844694052e+00
3.967162235835084982e-01,1.299576605622108971e+00
1.974329796233549317e+00,-3.381840770365985849e-01
3.818400751386984981e-01,1.870386251491887197e+00
7.049711971707007807e-01,9.527765877930549632e-01
1.579243485638636368e+00,1.348102588153678782e+00
1.452917144269386229e+00,6.899869530042090915e-01
8.373614464924183931e-01,1.468780928223414106e+00
1.267758217408026855e+00,4.358496760749087651e-01
1.622453072972119381e+00,1.552029401391116892e+00
1.770270721254089352e+00,1.162195476581490139e+00
1.168010683343671419e+00,1.646422378131024766e+00
-3.589946946480321865e-01,1.287761660342792824e+00
-1.379306080713195437e-01,1.464271052898440395e+00
1.214884294563389894e-01,1.540194359684024850e+00
-9.354231064732525247e-02,2.006821100489912801e+00
5.405167413599976101e-01,1.469404647441890921e+00
1.795391501718018201e+00,3.770085148253272678e-01
2.274589268089095118e+00,2.265711563895989045e-01
1.156000433300121921e+00,1.159127012528593237e-01
4.833777001527290174e-01,1.479241692719901469e+00
1.229130266263817051e+00,8.682077799302746479e-01
1.862756189416536756e+00,5.853276483339266978e-01
1.874749391250378094e+00,8.828590600167705027e-01
2.290603526144229907e+00,4.237081998190856402e-01
1.618029774614490712e+00,8.156184613378312243e-01
1.481690357513256950e+00,1.500912780588723461e+00
1.719833498916606196e+00,1.474161063633370405e+00
1.909355425176707088e+00,6.840518768331502741e-01
6.846614100345971288e-01,6.341551222166282864e-01
6.122360658927636923e-01,1.672846359798270122e+00
9.501952195506274679e-01,1.552640899600559621e+00
1.727558091034673282e+00,7.536368278024849765e-01
1.810919378087617160e+00,5.696738695810217301e-01
1.699462614546691563e+00,9.408810452371576538e-01
1.206013702749693328e+00,1.054762693713072741e+00
1.996589839374254272e+00,5.855187362659795003e-01
7.486417779171767872e-01,1.502124618400773715e+00
2.127902953097855487e+00,2.501877652466113489e-01
1.926068810258444675e+00,3.215576747862472495e-01
1.317063191675062361e+00,1.415677796971748226e+00
1.586092761094077153e+00,1.434206510353504216e+00
9.469477346114620886e-01,1.190755741270908219e+00
1.790518593460419750e+00,7.937184976936468850e-01
1.071124627989515687e+00,1.677997181515873182e+00
1.305873451927952011e+00,8.423418831889716296e-01
1.563022597590823848e+00,1.325632962067377019e+00
1.819347943507228837e+00,1.687527219919038535e+00
1.890417463872032799e+00,7.913651327918330702e-01
1.227244130736828254e+00,1.721324694818957335e+00
1.630012635677506427e+00,1.681354788797934985e+00
1.459088899322597443e+00,1.054503814879812928e+00
2.327941777017640490e+00,1.572066616471085865e-01
1.594440434557656827e+00,-2.579348489229407737e-01
2.027778196233549934e+00,3.936022117683695698e-01
1.635890560047574827e+00,1.576363380537308734e+00
1.671753649355228744e+00,2.023747561630670599e+00
8.993338416785688905e-01,1.110586879725049325e+00
1.200344385321492346e+00,9.402427310003309557e-01
9.463584053024529652e-01,1.957915663628150282e+00
8.946221152273604593e-01,1.578238272311979440e+00
5.852708607909989924e-01,1.872934228424030900e+00
1.600158514825392064e+00,1.445738357488087100e+00
1.081946517915125305e+00,1.646808924930230456e+00
5.802276118272439165e-01,1.584723820572660369e+00
1.194670650726396666e+00,2.941023729437695633e-01
1.264150114300422123e+00,7.718828466126081977e-01
1.821155983952579049e+00,1.143020567058865344e+00
1.934254030734609664e+00,1.047735825635463192e+00
2.149793147792912862e+00,1.109588312787328723e+00
4.534389010220595817e-01,1.660348549705182641e+00
1.771907519993141999e+00,2.252459996848032997e-01
1.249148896912414264e+00,1.431008426148397739e+00
1.696152900011054232e+00,6.412080500633596802e-01
1.888633925267812153e+00,1.085886741068277317e+00
1.464213353832001463e+00,1.540805674409273074e+00
4.255968502678038057e-01,1.292273015144460802e+00
5.886754218108670722e-01,1.720196880791680094e+00
1.063071039186706201e+00,1.601731464743900490e+00
1.916698159066772655e+00,-3.174180914923045993e-01
1.845796699445121813e+00,-2.340693251093378321e-02
7.101594368789166944e-01,1.377870857740008947e-01
3.333649045180364090e-01,2.028099916462452246e+00
2.151846912221725194e+00,1.173658150716420989e+00
1.356901637202195809e+00,1.636915390340948129e+00
1.204330615938245419e+00,1.483467546086375544e+00
1.655326923736574862e+00,8.862177626911126316e-01
2.594599555585447859e-01,7.454584599843906423e-01
1.046448218171812217e+00,1.118050749231859875e+00
8.444849904659589290e-01,8.553164252273378620e-01
1.857304517553099998e-01,1.013929178396845598e+00
1.389675537163962193e+00,1.532306452508857442e+00
5.566362118752317123e-01,2.416640081649953142e+00
1.560501077667344028e+00,9.593230659977765029e-01
2.087407756668278047e+00,1.015708940038932973e+00
1.814932569932663720e+00,3.014837705752542174e-01
9.955828609479548952e-01,2.158863995332398034e+00
1.654625125988694156e+00,1.263110464776563857e+00
1.576562759347847509e+00,9.758952323063662115e-01
2.505453698085304826e+00,2.141260944820872758e-01
4.353992001483671936e-01,2.423838909074973902e+00
1.625685611305367484e+00,1.077928417943371020e+00
2.966762343699454796e+00,-2.656231576610578182e-01
2.264737943263925475e-03,1.462964096504177691e+00
4.977024974024212012e-02,1.209019610182800575e+00
2.794937249333595553e-01,1.628292606545070464e+00
7.749287099793451539e-01,1.112081758857729197e+00
7.609513706655333110e-01,9.950327659797169044e-01
9.559319965689732079e-01,7.380241214579021936e-01
1.419253954830588471e+00,3.156289374013392934e-01
4.091051228002091089e-01,1.228606481920794913e+00
9.359278437434852549e-01,1.089985524095042457e+00
1.884590979677331912e+00,5.124001059316719564e-01
9.299020462725053893e-01,1.076187816493579641e+00
1.954683634912378620e+00,1.385478913151933833e+00
8.822140571923046126e-01,1.336453512026735790e+00
1.964760282101209787e+00,1.150803875684897504e+00
1.739365351327192499e+00,9.894976287174984675e-01
2.311073943108126194e+00,7.798647561675995377e-01
1.729489687864578018e+00,1.454105685947044924e+00
2.165650248525416988e+00,6.896690663350810713e-01
9.966366540770753568e-01,1.474782366916079335e+00
1.293164824776014132e+00,1.432906638365112340e+00
1.270513933764425341e+00,1.586338880756418046e+00
1.625958463757669392e+00,7.242905435765244482e-01
1.707543348039574305e+00,7.384616877731031703e-01
1.835813874347302477e+00,1.605113073061389173e+00
1.690132435012572598e+00,1.357132555998151302e+00
2.536043931801940321e+00,4.146133269591537052e-02
1.775248862406610506e+00,9.461361826031885469e-01
1.344637143283922143e+00,9.345080248671836509e-01
1.516713299189215158e+00,5.958299683364146615e-01
7.770589079630330076e-01,1.166519298516954128e+00
1.460169765132121489e+00,7.537492495722933894e-01
2.671602985622000825e-01,1.452375187905202036e+00
3.114824925748083118e-01,1.537653449789399440e+00
2.069303264298575584e+00,4.891068310787588524e-01
9.805877180190428755e-01,1.199592586485905166e+00
-1.764223358084828497e-01,1.505631315626104083e+00
1.311002128302285241e+00,-3.707229783996319195e-01
7.464392441049725324e-01,7.601373112949521005e-01
1.260290339369865675e+00,7.759640571470299841e-01
4.774644711208995140e-01,1.553781869108878055e+00
1.369908143092787522e+00,1.245017326928226531e+00
6.748987254444825945e-01,1.461111442016020057e+00
7.099121361864858537e-01,1.991342761349665258e+00
9.989059939243889463e-01,1.592629644440286096e+00
7.273732319439654148e-01,1.229501428696023302e+00
1.545950715649095919e+00,9.057659848960974980e-01
1.292520574840862579e+00,1.169668041899035282e+00
1.063316682023366821e+00,1.124467542412693088e+00
1.485958403836886710e+00,9.148913260761740718e-01
1.006091753317259752e+00,1.054901287237424157e+00
4.777820806926931230e-01,1.321435845632438433e+00
2.780696851858593943e-01,1.150218674245643946e+00
1.628448611945733093e+00,-3.402336649968165094e-01
4.708503198339061280e-01,1.320194060705259576e+00
9.006273048866274555e-01,8.574844167165868170e-01
1.484374724254117761e-01,2.837176231603225407e+00
1.632295325776173200e+00,2.590770900729724158e-01
2.483492742617786631e-01,5.526709889615835092e-01
7.820455224087818902e-02,7.752248345391719031e-01
1.238761401287130415e+00,1.565470867226512297e+00
1.358945061822997902e+00,1.102695066595409390e+00
1.574551006428263622e-01,1.738067961986852206e+00
1.946985809879012264e+00,1.004329919029393503e+00
1.484082585895503348e+00,7.784577294057192232e-01
5.611670450790211540e-01,4.674321205554291536e-01
1.347460120232868208e+00,1.371152004495096222e+00
6.365491574572943456e-01,1.429547881556845867e+00
1.415252529622944566e+00,8.377520014850059482e-01
1.896419927190964305e-01,8.111456948794246724e-01
6.370365880336562592e-01,9.999895630937748470e-01
1.387558671997642712e+00,9.486378975607449027e-01
3.558757905525960497e-01,1.860685850251857731e+00
4.381810180148345002e-01,3.915759994167436475e-01
1.537112878957479944e+00,1.725152737051701468e+00
1.182094116816422291e+00,1.147526436858436805e+00
-1.042972607672791874e-01,1.421862517346206722e+00
1.132824339277286985e+00,4.050155890317428953e-01
1.703519202148082279e+00,5.774211524793025907e-01
1.104255415915978311e+00,5.646148508775622465e-01
1.923503907513847144e+00,1.053874446066579429e-01
4.795137053184266307e-01,1.257918858749568214e+00
1.393766359678174194e+00,2.568558476843055272e-01
2.208715385341723181e+00,6.130048467415813995e-01
1.575162952783187631e+00,9.994015495836705565e-01
3.282499503380028050e-01,2.548670096324161083e+00
1.996515243900408798e+00,2.133364782788951530e-01
9.727699732638539487e-01,1.567084890259689667e+00
8.402646411248857472e-01,1.473387128496863818e+00
1.780968237085051031e+00,9.821682730919448767e-01
1.177410153509918622e+00,1.301899641127584939e+00
1.382464273534551813e+00,1.817209813208807923e+00
1.040038671495838285e+00,2.079011351438631916e+00
-4.056112716455110428e-02,1.585916735743759354e+00
7.008820095102253900e-01,1.125601496597815387e+00
1.259432949404299285e+00,1.199738363913739336e+00
4.475548138269953569e-01,1.909569508845118557e+00
2.355335178794664974e-01,1.248860693728500282e+00
2.897920358473522029e+00,8.616461313521694976e-02
7.692660036834899628e-01,1.032039370698314862e+00
1.519466580289444479e+00,1.129994963248122097e+00
1.218637070826987356e+00,1.569831819673030315e+00
6.353231333071623910e-01,1.304865509583171157e+00
2.030133529769102996e+00,4.573160384938270151e-01
1.404385340506326463e+00,8.409525575344646287e-01
1.573814421026670463e+00,1.394047419772570739e+00
5.181086555956995188e-01,1.461887144790023685e+00
1.395549592865535482e+00,1.081323413364238650e+00
9.353477792723380313e-01,1.501861013192642869e+00
2.372609473558586757e+00,-3.035355742411886548e-01
4.306111950469448391e-01,6.768212408415580361e-01
1.136617218993330125e+00,1.368013421312016531e+00
3.376880100740696777e-01,1.196849993385213473e+00
-1.756838263230959818e-01,1.261600970860563997e+00
6.500923584307757297e-01,8.754696911105871449e-01
-4.358640017402912181e-01,1.747256561268676345e+00
1.360918294449293464e+00,1.829992178209953746e+00
2.726845166119182262e-01,2.625234015068669269e+00
1.618101090988177893e+00,8.703046262524827270e-01
1.720306776139024274e+00,8.918681809439086283e-01
1.284764737484649810e+00,1.099020454212000342e+00
1.933157632675174931e+00,7.978572951097787636e-01
1.772216618432336466e+00,6.855332183584529337e-01
3.879293070833297885e-01,1.356564290107228565e+00
1.596507897930677933e+00,1.680559366730619342e+00
1.498261573344333852e+00,1.500924867162129805e+00
6.939197202000586540e-01,1.042134103134579659e+00
1.957129833449380962e+00,-3.997962752090892802e-01
7.332960536367587601e-01,1.534985727227555552e+00
6.960385379263741568e-01,6.828330699846318907e-01
2.788366900728218023e-01,7.624873991078903179e-01
2.351857761676405811e-01,6.263860622780464960e-01
9.368697268501187114e-01,3.887667829050682755e-01
7.834539206449472326e-01,7.862589471234833205e-01
7.111259785959357371e-01,1.244468721770365383e+00
1.543261099514212642e+00,8.835774528159843211e-01
1.541850005806510104e+00,9.551388032779563053e-01
1.412315151071609876e+00,2.529480985805732107e-01
1.140434748238863261e+00,1.133589415612312301e+00
8.599298417286481699e-01,8.477546071576106401e-01
1.905512578926388478e+00,8.864736554256490431e-01
8.348545989475083529e-01,4.998206589987775339e-01
6.198425635243222098e-01,1.054433936519867610e+00
3.283007196377913939e-01,2.465526701195579484e-01
6.927838035175984954e-01,1.603589073041038704e+00
9.811680670665597903e-01,1.097825116630539943e+00
1.366454387180054297e+00,7.034782311043354941e-01
7.152266513680389792e-01,8.998878124730077532e-01
1.018895982729400185e+00,6.032781621592212540e-01
1.656972638991389024e+00,1.035480660157933830e+00
1.364707988735214261e+00,6.553702957135677520e-01
1.043348789220113648e+00,1.596100244563453341e+00
1.732497466848243461e-01,9.186486783020528790e-01
9.533688634112291727e-01,1.558818148114246016e+00
1.839132325043281391e+00,8.644216818751523368e-01
1.305022696932675697e+00,1.043320220812917754e+00
1.617271392377604977e+00,1.001932098744856559e+00
8.685912895439822368e-01,4.289434516542887099e-01
1.201455721213733341e+00,8.740824917907811242e-01
7.612097846362682052e-01,7.278733232082973403e-01
1.258930854830944690e-02,1.529200322572929371e+00
1.596581497550386919e+00,1.028273936130693400e+00
4.607150783706177033e-01,8.049202871680813942e-01
8.195405958404710089e-01,7.706335810667916952e-01
2.811971383401152824e-01,3.119654498951365262e-01
1.349358722636943231e+00,1.615488317922671779e+00
7.053000353914851139e-02,6.135582870262612509e-02
1.217136094721842809e+00,2.257026014817436810e+00
9.740864290951789517e-01,1.175543062651948301e+00
1.468236705740411319e+00,5.128534649900107212e-01
5.901837245946908173e-01,2.861427377170386865e+00
3.940709336937576746e-01,7.260480763284745676e-01
1.072408712832066735e+00,6.112084025689654698e-01
1.864564715787760951e-01,9.027860284781711320e-01
1.175823971613584762e+00,1.051926666384721099e+00
2.776855465960924585e-01,2.986488729564501510e-01
5.672694446297440463e-01,8.281815138176307212e-01
4.413754890960783217e-01,4.826634254844083816e-01
1.077762985088661224e-01,1.638489747629026549e+00
1.704892979899106598e+00,6.931666376329648216e-01
3.530103727484975584e-01,7.621131018922413514e-01
9.739864786188512369e-01,8.796873997230760800e-01
3.716624289953130433e-01,8.656721633569465224e-01
8.131169328126656159e-01,8.351583051485730325e-01
1.869535248779476744e+00,1.084050269605704608e+00
6.833515072749882791e-01,1.613366820832488058e+00
7.902417792895659598e-01,7.082331415527007845e-01
1.583808668950548171e-01,1.775015906011743194e-01
1.001857198161763884e+00,6.716064181664663790e-01
7.680477643800136534e-01,9.643780540968283077e-02
1.954334764045477124e+00,1.112052041165328076e+00
1.994957807036488617e+00,1.022362343631885606e+00
1.653744165551837897e+00,8.773805857824015231e-01
1.442904500788724675e+00,1.239701996001427275e+00
8.581884465869086265e-01,4.701396701540138112e-01
1.758571012282530432e+00,6.665545609363648927e-01
9.353923490972682053e-01,3.010215932780028192e-01
8.064270228973748900e-01,4.616030210784459742e-01
1.859341010960773533e+00,1.081070994845973354e+00
8.451589724066126408e-01,1.991871283577346663e-01
2.062159746287544060e+00,1.091407830554863789e+00
1.727514339600983773e+00,6.525853468669405855e-01
1.241942523567435064e+00,1.433785880989026262e+00
1.476622934065963122e+00,7.909544894474223042e-01
1.433636951044148899e+00,1.367282402769544714e+00
1.300532080899458043e+00,1.141548400924081053e+00
2.012510354531173995e-01,1.572643648482880741e+00
6.451813401241992540e-01,6.386941862855768370e-01
6.764237944394833058e-01,1.478436707751438872e+00
1.186980926353797594e+00,1.553261276192696716e+00
1.281038928299198298e+00,1.249165014258686313e+00
2.091515654633975263e+00,1.028560796207364625e+00
1.471707700038751510e+00,1.585931509627263702e+00
1.281038782297489798e+00,1.313128970151243413e+00
1.093948505617842626e+00,1.356366420091789093e+00
6.479008272811649372e-01,7.702732007210156828e-01
8.466778080301359255e-01,1.221393661315037793e+00
2.351018945130164184e+00,1.004557330366674606e+00
5.916504870645508118e-01,2.279684545926524031e+00
1.929930389233453836e+00,1.397196667527683012e+00
1.532592265001190279e+00,6.536548121041167725e-02
1.738105993592184317e+00,1.786871816147800773e+00
1.227249831147657844e+00,1.149316078360838933e+00
5.985728868014519310e-01,2.275360415385586865e+00
1.368213823261976048e+00,1.103873596884015207e+00
2.079019489380413699e+00,-4.137325697247868500e-02
1.878357396374654487e+00,-1.566399332695975477e-01
1.450747246436204341e+00,8.174894475035052732e-01
2.556426583263826213e+00,3.895067060510660761e-01
7.280089400071965144e-01,2.091910205218574514e+00
4.047156485790967539e-01,1.467347111135481441e+00
5.877116577133518760e-01,1.658491386378445342e-01
3.931348566282302781e-01,1.649700641657285916e+00
-9.706790804391005056e-02,2.227539576326234450e+00
1.518316034485362787e+00,3.018587771159713107e-01
8.426791789916200370e-01,5.531461690733522341e-01
4.121508187597322515e-01,1.295220404775900391e+00
7.522880093279938896e-01,7.685785286026188823e-01
-3.493854476056274527e-01,1.538617298717589454e+00
1.223151086148653865e+00,3.099200875034640590e-01
9.521164499821583860e-01,8.366234044376941181e-01
1.867506425507499568e+00,9.313243704887631536e-01
3.354162664414495065e-01,1.542179857555580513e+00
5.860714276518832477e-01,5.772268563877563929e-01
1.095794381562725128e+00,1.763886421727370646e+00
1.314769068659227047e+00,6.061273683589982753e-01
9.486908489426597590e-01,9.842238454621005106e-01
1.168427574950654302e+00,9.577320760332082017e-01
6.690382870743213917e-02,1.399029654881148943e+00
4.032583452000967350e-01,2.344307602587560435e+00
1.029911009133937239e-01,2.819675109039661454e+00
1.876941263294556350e+00,1.017156813196616216e+00
3.720892549283892348e-01,1.932033510742102500e+00
7.927394590304378541e-01,1.547666330484035679e+00
4.607396011919237533e-01,2.348487910521035005e+00
5.343530436017458474e-01,6.093732380580144659e-01
4.034077673444250167e-01,1.607277486301089020e+00
1.322396053263593441e+00,1.167379268277898285e+00
8.707954873028405096e-01,1.333605350226211739e+00
8.586304772513572159e-01,9.852188930329632832e-01
6.395047312046096000e-01,1.027796992326557080e+00
6.525033922459266833e-01,8.925603790517067093e-01
6.218455741063121378e-01,1.636633390842016533e+00
9.675297617308806775e-01,1.321951866980727974e+00
1.044455788315170386e+00,9.291406254429875888e-01
1.058422939422311027e+00,8.958642553169445799e-01
3.439838042539505175e-02,2.104643552674215101e+00
1.054255846597810020e+00,1.245601939904312561e+00
1.835970068467347893e+00,1.002883583389748257e+00
8.243873334033795519e-01,1.564953682810692026e+00
9.486134599320796834e-01,1.703480333768549126e+00
1.878545068161298737e+00,1.182787683598224504e+00
2.132029456744052975e+00,1.514797832658564936e+00
1.011198819426313733e+00,1.634272253221874971e+00
1.462649590302404823e+00,1.497176825525389443e+00
1.809938225239272169e+00,1.638550590791399753e+00
8.128009356584755540e-01,9.269405059632472854e-01
1.488241004794655931e+00,7.998940884083343139e-01
6.138517778439576134e-01,4.477464438105064337e-01
1.214205038983467544e+00,1.451657055521810902e+00
6.947618692982993061e-03,9.862187779419522293e-01
4.529092810283730230e-02,7.047653775493911699e-02
1.653661730384265338e+00,7.480414008468899700e-01
6.523503535057665337e-01,6.919882049760683884e-03
2.469960705656278899e-01,7.610055753681711499e-01
1.741041049241954797e+00,6.475261192351393635e-01
2.406694826188712000e+00,-1.517588175865944647e-02
9.203822245178417960e-01,7.327040660256179949e-01
1.085356544257032096e+00,9.698833004517982692e-01
2.007510830663685741e+00,1.062895958375067451e+00
1.886663999966172289e+00,1.891919759934299172e+00
1.340147093272700429e+00,1.418918536647520101e+00
2.843544336520589799e-01,1.740041197821430075e+00
-6.501351604805384599e-02,1.195187739106037483e+00
-3.683552448974561910e-01,1.516656964985586997e+00
-6.840868732370278260e-02,2.398578762656709440e+00
1.229985490587648389e+00,1.138679247901618563e+00
1.541419980016691005e+00,1.112109733439622383e+00
1.539213087095119503e+00,1.072644989897653334e+00
1.082220066688434068e+00,3.727409558123457312e-01
9.599003364683249551e-01,1.418382810579905895e+00
9.207054811325030563e-01,1.233000938634517984e+00
1.372674011613014722e+00,9.004316732949226854e-01
1.619896253189505808e+00,5.996228219425842054e-01
1.538924862707364005e-01,1.877466210490918552e+00
3.500845765639574170e-01,8.762701562205491568e-01
5.792462247372457407e-01,2.020961244345900187e+00
1.728144077666400324e+00,8.021323928954777749e-01
1.367135854497355529e+00,9.739271574835153267e-01
9.254643820830704692e-01,2.986381621801038611e-01
1.510408502349080528e+00,7.116551887383861796e-01
1.557573931723920779e+00,1.330143847926952949e+00
2.973070126973238470e-01,1.135557379822027979e+00
6.284390973754037102e-01,1.303763936509928723e+00
-1.352406242760549604e-01,1.584462049481397461e+00
6.767925557993559327e-02,3.200981780249805286e-01
9.720880519218793037e-01,6.334832811231593253e-01
4.461445689338816578e-01,3.945652761412125065e-01
1.369492436180814732e+00,7.971098820086375270e-01
2.350782754454899814e-01,1.488640452394373037e+00
7.665403251699561826e-01,1.855700394896163674e-01
1.871858166731843465e-01,9.025943609617610441e-01
2.222109253499513937e+00,5.110155411531510650e-01
2.011114632000014169e+00,1.690322242315871470e+00
1.194997944133840528e+00,1.065577758992389601e+00
1.410891773181538744e-01,7.261906189375098020e-01
2.330280229384967816e-01,1.444133921348018212e+00
1.178801384016107789e+00,1.327011319214267848e+00
9.255996795393200971e-01,6.620311788705616207e-01
1.774931344282084211e+00,1.283064452310423098e+00
6.324254576965506747e-01,1.856154897303075035e-02
1.183500730467701878e+00,1.059041870125493778e+00
1.781550349080123774e-01,1.256716329354121031e+00
1.185820807524317066e+00,9.343848607724823951e-01
1.352501191110369039e+00,1.488808586149158675e+00
2.663945465014323499e+00,-1.055613680152786893e+00
7.326694684705760130e-01,8.944908808614046025e-01
2.142459133086629830e+00,7.098641048306383872e-02
1.638503817687401831e+00,1.175687044461159791e+00
1.060100589421118178e+00,1.897641006131442598e+00
6.984424497965479040e-01,1.458672293106464180e+00
2.337305827759239008e-01,1.848138757886091055e+00
1.069574572745521257e+00,1.570134142020009671e+00
9.526068168458189378e-01,5.658406276796467127e-01
1.321564201056012244e+00,8.262994401115578702e-01
1.209676973285723767e+00,1.046688654169434463e+00
1.837858819336330773e+00,1.112804396250283573e-01
1.527921946037097412e+00,1.699224881718528479e+00
6.211259314556167865e-01,2.754111604059337193e-01
1.567044756852984611e+00,9.539519849445117217e-01
8.579463134242716338e-01,7.741674483941926033e-01
1.357084187887624971e+00,7.720883541005458817e-01
1.413994004288072981e+00,5.601080661029652630e-01
1.345054944382631179e+00,3.007030166571019736e-01
1.636207584525842806e+00,1.348870187584153557e+00
8.236832693593424404e-01,7.434872383542352470e-01
5.048935131980334390e-01,8.016498417732362824e-01
1.388009994298393224e+00,2.550557196364958146e-01
1.890964163156837019e+00,6.401727594555269851e-01
2.237727720367232997e-03,9.292468858645921426e-01
1.927493973599950783e+00,1.120805202727891636e+00
1.445300606617146766e+00,1.260102442083316010e+00
7.077451047382928850e-01,8.438983048331445413e-01
1.170767762192618799e-01,2.099897414748624680e+00
1.774892709310842420e+00,1.211748520222343029e+00
1.274536247614746820e+00,1.092539487005488974e+00
3.532433707787197008e-02,1.741297195170271594e-01
3.084329811933655963e-01,1.561548851337466459e+00
6.034527760621308801e-01,1.281037142294861875e+00
9.937625373271654627e-01,5.481533395476797521e-01
1.659541495958022583e+00,1.348547475111077310e+00
6.585447609812522529e-01,7.204360888220716630e-01
6.325405507719800147e-01,6.508338161055701176e-01
1.568139367870321044e+00,8.239023012783660560e-01
1.337155795982563511e+00,7.346539777873007937e-01
1.339787290236883477e+00,7.864741094610657735e-01
1.672565971031725551e+00,1.201823199695466471e+00
9.373053628987716435e-01,8.694520956983953219e-01
2.006580166793908937e+00,8.776234200851050493e-02
7.402177868499240088e-01,7.142057778472343799e-01
8.886185689285036604e-01,7.361386463689549853e-01
2.531439776652599338e+00,3.213689105825055514e-01
5.644661315797654400e-01,7.017457976070032855e-01
1.956789050315735690e+00,8.775352644208150865e-01
4.160630347545201113e-01,5.243985479390795845e-01
7.162661581673702704e-01,8.777044408303513734e-03
4.570660544022683291e-01,7.554960713751830426e-01
6.081607915154276789e-01,7.185469874147564218e-01
1.354574348913933912e-01,5.908672679852067233e-03
4.916150702416551832e-01,7.265471684194342306e-01
9.066750397856687682e-01,2.616175519239021252e-01
6.948619845931284233e-01,6.845227410434839843e-01
5.115621353775089419e-01,6.905035964679504534e-01
6.454477760432839606e-01,7.012214352718670884e-01
3.197578755434480335e-01,4.313642157828710966e-01
8.070538840483933996e-01,6.929740275847136033e-01
1.815850549223839483e+00,5.796409397216967241e-01
6.847410757416554361e-01,6.508116494481095415e-01
8.573335315999522921e-01,9.066823526890189777e-01
7.252083337603105750e-01,6.831466741924746566e-01
3.650745685014896713e-01,1.228200099221025132e-01
1.301159902178962824e+00,1.460080971622300439e+00
4.228309881650962332e-01,7.769939644925106803e-01
8.461945819233718247e-01,6.167230607861693414e-01
3.790989774839162441e-01,7.833937779590401940e-01
2.695427589486685260e-01,3.262255759804676414e-01
8.495103621992544651e-01,6.354027313594984294e-01
6.938224303526073777e-01,6.967530163866398896e-01
2.230967846846492186e+00,8.468427891813758990e-01
6.757964517077029720e-01,8.714845989392637771e-01
6.837669870812813633e-01,7.289401749750625825e-01
9.372224973282695659e-01,7.186281667515653782e-01
1.717305028375963660e+00,1.206274536251722207e+00
8.127633792225437137e-01,1.220816033554295466e+00
1.990738145138712056e+00,4.578688684486472149e-01
2.060103557908801619e+00,7.522751565827792142e-01
2.811382409667376736e-01,4.182078312353022520e-01
1.330529621334318291e+00,1.559076865798086242e+00
8.718000163987752460e-01,7.970967199958063354e-01
8.026618927658411007e-01,9.875912359953913366e-01
2.285218693695648007e+00,-3.704366715305448809e-01
1.993991154082862094e+00,2.829614945181238017e-01
7.350777255015793488e-01,7.642382601796051667e-01
1.907376195602992652e+00,1.149748569910575835e+00
7.623566080655763688e-01,3.423005666280228287e-01
1.711043183940665680e+00,7.328886934418847865e-01
5.644288349205600630e-01,6.309680069679962644e-01
1.655493695438480684e+00,1.336569869980252401e+00
1.048169601600630774e+00,1.623681122363868745e+00
8.330886171811466845e-01,9.317078404104357503e-01
1.334331964924488467e+00,1.409988222545933700e+00
6.127196061885302747e-01,8.774568105497553283e-01
8.440944894696710277e-01,3.445187541995401448e-01
8.579423881197392188e-01,7.689220951904344181e-01
1.164623626933248390e+00,1.359370069071101694e+00
9.740097133452613187e-01,2.077958494176639359e+00
1.597828564864403722e+00,1.224759276889287207e+00
9.939666765621077982e-01,1.824654247478125546e+00
1.364940559018447575e+00,1.185937325843830159e+00
1.763098070755560576e+00,1.236813643024561982e+00
1.585947647962440143e+00,1.222108307975465769e+00
7.171450522583742160e-01,5.989857956248118009e-02
1.454581142453212239e+00,8.450888653680025397e-01
-2.170062658673754252e-01,2.258875514619273162e+00
5.807656091564422640e-01,1.610698615400536771e-01
4.245309635874072174e-01,1.123978219938022161e+00
1.695952666761915362e+00,1.325106866312528719e+00
9.360917995337764141e-01,7.122577140762885728e-01
1.588877271345741304e+00,1.657180259827174540e+00
5.992206122328013196e-01,3.250623074941778046e-01
1.601434495138243541e+00,9.013347061530768700e-01
1.716785310766188566e+00,1.478379726209493095e+00
1.827889528528236163e+00,1.423906563748262188e+00
1.508779210747632771e+00,1.159445699044807876e+00
1.167103772032903164e+00,1.630961030081924612e+00
5.281407171331367056e-01,4.871834480362675635e-01
1.612246944459263309e+00,9.884860121233415287e-01
7.503400261084965939e-01,1.153651643029577789e+00
1.534157905649348619e+00,1.107091165429582080e+00
2.187549627220150228e+00,1.261140697586055737e+00
1.606107438952825150e-01,5.017344562031970101e-01
1.706901632918152556e+00,8.418548496064283126e-01
2.118332320029488791e+00,1.915995131660800599e+00
1.527083561757607733e+00,1.116610203919928157e+00
1.425854499907639239e+00,1.274353375164169133e+00
1.995137672628872982e+00,1.905823276896648988e+00
2.787008485972025884e+00,2.466355580767176370e-01
4.097341701172938500e-01,5.239806557214200522e-01
2.206146356845839041e+00,1.222298319718670756e+00
1.954915617273720541e+00,9.636669950135557938e-01
1.441074742760872551e+00,1.243674839696578882e+00
1.140293235894129786e+00,5.588251527900127691e-01
1.599578107650762915e+00,9.977090377422005441e-01
8.931986052914359098e-01,1.059654318378502325e-01
6.991947640422456756e-01,5.351191008045536046e-01
1.123385400981091520e+00,3.198841063417921515e-01
1.773319898067889921e+00,2.552198446236273899e+00
1.699586721734814010e-01,4.963744754182322083e-01
6.237834099197456794e-01,9.421605090330367194e-01
2.100337267982820499e+00,1.211021681920338766e+00
1.068092329587051914e+00,1.423837759388886903e+00
1.714053293165244796e+00,7.601512263928045243e-01
6.097738966336292421e-01,-1.347498045559353541e-01
6.987892157896937739e-01,7.045957188962388429e-01
1.718908644165877686e-01,5.935228557853500231e-01
5.631788386362354681e-02,2.284669888034322138e+00
5.510059751912649295e-01,8.053189147589315811e-01
1.390442452959870678e+00,1.760104668405563455e+00
8.490995126749486532e-01,8.748806945292837423e-01
6.895595645613473712e-01,8.900031102225504087e-01
1.130699424856933089e+00,1.362513297056527017e+00
1.260469841208325725e+00,1.316757045713555785e+00
8.166171250180908059e-01,8.859753481584552448e-01
1.443843279814481129e+00,1.251717654565459137e+00
2.723764048689762962e-01,4.741763881874216935e-01
8.521383467411388635e-01,1.008130952210104514e+00
7.190664187005809671e-01,1.284299583506070652e+00
1.392189850760643166e+00,1.476355943382307911e+00
8.918857302771274753e-01,5.093470742560674003e-01
8.943568079402850479e-01,4.356050342499647732e-01
1.274289006867641572e+00,1.300643330663540986e+00
2.752465093085629255e-01,4.897637700821326767e-01
1.233879976066996731e+00,1.053382882336784121e+00
7.136360340764827948e-01,8.136612902353936860e-01
8.244016510315173019e-01,5.165475300555206761e-01
1.492927252705046337e-01,4.748073286616905087e-01
