1.408473954081391311e+00,1.389222545112102303e+00
9.623040812290875046e-01,1.440853032372477083e+00
1.201509301094761950e+00,1.004833474726387843e+00
1.440129118913415107e+00,1.097228974493835940e+00
7.716854110780656528e-01,1.594345218212064763e+00
1.625789515643501382e+00,1.024257476581192927e+00
1.207065156265636041e+00,1.590246578480653650e+00
1.263457521207331125e+00,1.624209967998775817e+00
1.178796810948995244e+00,1.574933458477221437e+00
1.601639225869222249e+00,1.195921711937483645e+00
1.007663022927345553e+00,1.760481040352443349e+00
1.277889663870045212e+00,1.957922608727133529e+00
9.214843550566083064e-01,1.588216375213851839e+00
1.043164243272812541e+00,1.770003727099921376e+00
1.336580744686126643e+00,1.371294195143012429e+00
1.434820274389287942e+00,1.068252254406661494e+00
1.830382739157724981e+00,4.177564979058347450e-01
1.434128228661981641e+00,7.004182244069442342e-01
1.517048926759338778e+00,1.278981428276465770e+00
9.865232586682497473e-01,1.551663024111888722e+00
8.710485555184594997e-01,1.160223307034529583e+00
1.292629072471773499e+00,1.735419939214757346e+00
1.768371549586153391e+00,1.158360537047071981e+00
1.333252729695908023e+00,1.158521987289043542e+00
9.013857999586117886e-01,1.564835349386589858e+00
1.165345909189842599e+00,1.374054151755676578e+00
1.308982857319764159e+00,1.001008056211326602e+00
9.695597945593550371e-01,1.911104559776236389e+00
9.157320815503592337e-01,9.827064020887968931e-01
1.362733953290952815e+00,1.628566615833607845e+00
1.051821471299104749e+00,1.582794083671298591e+00
1.778192815640716296e+00,9.816470706840956240e-01
1.454935776986280516e+00,1.076227767874197383e+00
6.705040638061281477e-01,1.279635335410672425e+00
7.987596696159749987e-01,1.130810126147906880e+00
8.123451711600074843e-01,5.247541833191966543e-01
9.370253036261716462e-01,4.448344548692218514e-01
5.880159389936860936e-01,1.702953526881434199e+00
1.322995588605558659e+00,9.860044234038696231e-01
8.777164008742160961e-01,1.201761361683622464e+00
1.161972599339126999e+00,1.069491718598911678e+00
1.287186126447832368e+00,1.423648279193209465e+00
1.147278751774176042e+00,1.132859956032091109e+00
1.015885050112932175e+00,1.389027357682399044e+00
1.556449789349338531e+00,1.462480320396271960e+00
1.405731176202137389e+00,1.355595176462315976e+00
1.555760725579257375e+00,1.077510071125616475e+00
1.370879676379081369e+00,1.640898220175871947e+00
7.964598049658595524e-01,1.597608962435186353e+00
1.308693685670560436e+00,1.819616289909782303e+00
1.451169729413273046e+00,1.006580035243230364e+00
1.351558920537752506e+00,1.368797286769057209e+00
1.524866651063648382e+00,6.949905718791211662e-01
1.139978708022378662e+00,1.350041091467855559e+00
1.582706548897572008e+00,1.059118122531391926e+00
1.191792308707290582e+00,1.648292073864060070e+00
1.253292645279954209e+00,1.626183217100697798e+00
1.544109360597803127e+00,1.113573564313085074e+00
1.440195375510788356e+00,1.487772977887081405e+00
1.572052079099556243e+00,1.440200956667335941e+00
1.545154382331723752e+00,1.238556841425619837e+00
1.214750056379643839e+00,1.220012850728133147e+00
1.023517667544757037e+00,1.311740685074871182e+00
1.413560354232995975e+00,1.823933427582183464e+00
1.344530458298446973e+00,1.210559281461418113e+00
7.590163380814716199e-01,1.798242892299122930e+00
1.077779455869298575e+00,1.086775849956652884e+00
1.431630124566004136e+00,1.095598736749725743e+00
1.019316858867294506e+00,1.743644653899203867e+00
1.158251317531556968e+00,1.507402126108449369e+00
1.115595306561761868e+00,1.662012617078407750e+00
1.023370951932656370e+00,1.348710535305803537e+00
9.261206631552690860e-01,1.610585994847404168e+00
1.078501798901031039e+00,8.628357692120016686e-01
1.451782267283566963e+00,1.085541803564571861e+00
1.128481763067375798e+00,1.470298973902719242e+00
8.124080258134283028e-01,1.573876154344859835e+00
7.828683779781938634e-01,1.080889868993520020e+00
1.185771560865677365e+00,1.815666974882291118e+00
1.114011200568137738e+00,8.997330603343210997e-01
1.418457759093536108e+00,1.093352751823426949e+00
1.246990879483860892e+00,1.492601707883025153e+00
1.259800896485330890e+00,1.707810668508348950e+00
1.070139488816706397e+00,8.941510982602881574e-01
1.142330479578297142e+00,9.848529699848372898e-01
1.524571988939099620e+00,1.285368968044364957e+00
1.372113584503978689e+00,1.616761172005186653e+00
8.790292162048307656e-01,1.671159217488670023e+00
1.371023169231030625e+00,1.696270627865515523e+00
1.224256133458391460e+00,1.018044381202797277e+00
1.081896539473760743e+00,1.547222601138488862e+00
1.579951144132831997e+00,1.091613346140394958e+00
1.437021711806411695e+00,1.430976601889977884e+00
8.670472689149908430e-01,1.343912906200745772e+00
8.627302488338893793e-01,1.886403713549026140e+00
9.442194371519903040e-01,2.005850827949001935e+00
1.164013253036256135e+00,1.509591178325125904e+00
1.646194256913074971e+00,1.426075099398485646e+00
1.190141134989724625e+00,1.510679022836377339e+00
1.646187758779283250e+00,1.289451949363183525e+00
1.703687208170043377e+00,7.942515754883725521e-01
1.232707888290733855e+00,1.055765926127501197e+00
6.468061142431009714e-01,8.778004348599317552e-01
9.714474030807751515e-01,6.878807514801411616e-01
7.044667429846952489e-01,1.070213053889949029e+00
7.521445296913989997e-01,1.310467557022811702e+00
1.411890012541890504e+00,1.176395334055348352e+00
1.250716903862090890e+00,8.772978804582344248e-01
1.363735705347423499e+00,1.175294812790036003e+00
9.247605067807210810e-01,1.106770956015912466e+00
1.281982042645771092e+00,1.270981225705550610e+00
1.097556962474856901e+00,8.173946948073754770e-01
1.391999125009124816e+00,1.122394404731033246e+00
1.550415127066109289e+00,1.561660628567907771e+00
1.327943315263904855e+00,1.266358922323426395e+00
9.697533301914902371e-01,1.815140996897163017e+00
1.292604465947895687e+00,1.348160699808134133e+00
1.051874637915116484e+00,1.255112378185719413e+00
1.280582632817271360e+00,1.303778027001591511e+00
9.040783151352023150e-01,7.573705538997046460e-01
7.819489483304767896e-01,1.679824171844082725e+00
1.014120653020752938e+00,7.939420946376499755e-01
9.937552801444106132e-01,1.317878294776263282e+00
9.770774184132560158e-01,2.003142106651690568e+00
1.172524587507974392e+00,1.383990770365690182e+00
1.214871144079346932e+00,1.498892683824696759e+00
1.723668859964353484e+00,1.365810492854156566e+00
1.365941139891856837e+00,1.247241800151599911e+00
1.102361927024660959e+00,1.669936942860366313e+00
1.256607982080045538e+00,4.127294371331954315e-01
1.039410519902413066e+00,1.697550718872287145e+00
1.737601192470327627e+00,1.163014581379431478e+00
1.156373278674375893e+00,1.702160079241149537e+00
1.845489557389819124e+00,1.241530177988490413e+00
1.105888760100533386e+00,1.785773003602942222e+00
1.526175631610089622e+00,1.393418837491274154e+00
8.523997452021420118e-01,1.928778150165128658e+00
1.278312897178032870e+00,3.839155263897840453e-01
1.178168388084441798e+00,8.551103411750419214e-01
1.066080681471236691e+00,1.304798477526772027e+00
1.230123040871813567e+00,1.318120513810777217e+00
9.901309960663262633e-01,1.213594501831858574e+00
1.300240693053942298e+00,1.493327591703877300e+00
1.326907963210600228e+00,1.457826506793336696e+00
9.246966953386880350e-01,8.743833320502483186e-01
8.775849340951640265e-01,1.334879070861270112e+00
1.052356714839414842e+00,1.494515563213125731e+00
1.228801105051939402e+00,1.056943464086056883e+00
1.115034129369762761e+00,1.244300083817088343e+00
1.343957220249785145e+00,1.370628303734271691e+00
1.482019076073845865e+00,1.113822899918821552e+00
1.030385032356490926e+00,1.687760299713409573e+00
1.145610708419144030e+00,1.604525585237332352e+00
1.278531719800357846e+00,1.432855452311194489e+00
7.288489050323632146e-01,1.519181549487288896e+00
1.714712246342811275e+00,1.096798629671138725e+00
1.709201225687051018e+00,9.684790066510510220e-01
9.543859412709060352e-01,8.170947260880587759e-01
1.337458279227121682e+00,9.178199080266516985e-01
1.802239926585589513e+00,6.478243609413274484e-01
1.030638998062350931e+00,1.464299920696006785e+00
1.833839059546291006e+00,6.720857773981926409e-01
1.208085372342624364e+00,1.406106868461670878e+00
1.097846471632837995e+00,1.488761745592066754e+00
1.402897810518474397e+00,1.681631787315035931e+00
1.416652313349076042e+00,1.573726941891010922e+00
9.917111362677996089e-01,1.097836057743274418e+00
1.663785343552971918e+00,1.277002105988893188e+00
1.697699689881981833e+00,1.620606375769526819e+00
1.619320050999601079e+00,1.397412676731428549e+00
1.634770366456694823e+00,1.284393819116326219e+00
1.479840997525023960e+00,1.607498822836170849e+00
1.285961328948286075e+00,1.723969923990319675e+00
1.158977528720227967e+00,1.999553222920621653e+00
1.437708138632729282e+00,1.332666517416978724e+00
1.133425240638555209e+00,1.756413475500634647e+00
1.682272994754494544e+00,1.073349772435015170e+00
1.657581557269303785e+00,1.457640425753591318e+00
1.546908778853452349e+00,1.348656344080871650e+00
1.838250028120634649e+00,1.121936673717121025e+00
1.151510936785830719e+00,1.778250425541951563e+00
1.947047801929510324e+00,8.685417048427361841e-01
1.764836022185752418e+00,1.106593299972149946e+00
1.421069810137985279e+00,9.410337891837426971e-01
1.756514975962523151e+00,1.237162196652091595e+00
1.072662888202737141e+00,1.701799485917889099e+00
1.855355410967950203e+00,1.199502084106562672e+00
1.345396990965386008e+00,1.343936938755510013e+00
1.746142842770915138e+00,1.297181232355456126e+00
1.340181086197229865e+00,1.695950219616483290e+00
1.519498673935748334e+00,1.568911515859053862e+00
1.991082596741913235e+00,9.186170144428817963e-01
1.272432670737466909e+00,1.599039780812961498e+00
1.263278936692163512e+00,1.678027464952190684e+00
1.585635730222287654e+00,1.273874122271687837e+00
1.161046780690381697e+00,1.678073137387153357e+00
1.364356776434639595e+00,1.576509742409081039e+00
1.343616761981531349e+00,1.637765633313052804e+00
1.615211769073183978e+00,1.487133691081820253e+00
1.645530773438117489e+00,1.112266994796045960e+00
1.802201485602124453e+00,6.953644818542381589e-01
1.070904915709239180e+00,1.717298359353334858e+00
1.745754519923920611e+00,1.051398929526065062e+00
6.791487522100111418e-01,2.119817307486508984e+00
1.335119941521717424e+00,1.610665179562797533e+00
1.386201870967099348e+00,1.170563760916595308e+00
1.117099923229869729e+00,1.619030412647082029e+00
1.298706025344027903e+00,1.569913078658533800e+00
1.588713673310464092e+00,1.229752853051325534e+00
1.057739660963096240e+00,1.803737412836192489e+00
1.549152369285363262e+00,1.322123361912535433e+00
9.942781308260215667e-01,1.625726737882563944e+00
1.345301394921870841e+00,1.588391382711873412e+00
1.103120314232277854e+00,1.279707851063185853e+00
9.235486871267658548e-01,1.743880891297645785e+00
1.321900599936442156e+00,1.535998554130253879e+00
1.387182646228284577e+00,8.756984281977527873e-01
1.478546358999921262e+00,1.009795823423327521e+00
1.060801197201251433e+00,1.307328193573108699e+00
1.467246887149817436e+00,1.019573624436873382e+00
1.266477253989671592e+00,1.658781409868538503e+00
9.802927506886929265e-01,1.618634031212315527e+00
1.287924136665434816e+00,1.736273496574884723e+00
1.402228098664959122e+00,1.341804291479275824e+00
1.124301402714674936e+00,9.849522084809880784e-01
1.099639041317085342e+00,1.350673724282015931e+00
1.260098516855987727e+00,1.102381617680370907e+00
1.529555118791175783e+00,1.245170918811002281e+00
1.167395787098017390e+00,1.114700305147501735e+00
1.395812515283350486e+00,1.159698600496127385e+00
9.433194107226231528e-01,1.031286392438886423e+00
1.515062769834953471e+00,8.559732084890154802e-01
9.157331218421014274e-01,1.421735425673416486e+00
9.849404471768996583e-01,1.759814101331036440e+00
1.392379766291608423e+00,5.769599151650987023e-01
1.240302491756384962e+00,1.410365389322303598e+00
1.228472659982634552e+00,1.443761762112122593e+00
1.524285785135567561e+00,1.254204153807108257e+00
9.536280329413558965e-01,1.669111266059677412e+00
1.583365802046899695e+00,3.370012154179191088e-01
1.526972656307350684e+00,1.087485545429791367e+00
1.179516680702167530e+00,1.777622992172475547e+00
7.422125174936221592e-01,1.068936212405534825e+00
1.020568206001459810e+00,1.338321577881340430e+00
9.321626339082932367e-01,1.350146257203591382e+00
1.659003094680128632e+00,1.173283586912631682e+00
4.352796951184799146e-01,5.639439359770627158e-01
1.721017871682100298e+00,8.641396036002749748e-01
1.341440405188328189e+00,9.657367246227774871e-01
1.278190087991577073e+00,1.233465954545165832e+00
1.230481490547743029e+00,1.875225469226537767e+00
8.485502624476120026e-01,1.203591654734526895e+00
1.533542009201718237e+00,9.379238892704595543e-01
4.444245669882523897e-01,1.347912325081271456e+00
1.427325313327996614e+00,9.441597084650662497e-01
1.733500441767360511e+00,1.074163032805135032e+00
1.127076302385194184e+00,1.563976576802062590e+00
1.092617008798909994e+00,1.699874354508938534e+00
5.960117611381468006e-01,1.411363322756106431e+00
1.281387604353423804e+00,6.062610864912780784e-01
7.280588596842024751e-01,1.110554384585629606e+00
1.212751624771738701e+00,1.576011369798858919e+00
4.669743456247675839e-01,9.102352487347822318e-01
1.006592356710980241e+00,9.724357846459403820e-01
1.092715306641335760e+00,1.742068555804695773e+00
1.100894202800744903e+00,9.109461317450963103e-01
8.860439419051351351e-01,8.985650447725037626e-01
1.442275152841913988e+00,1.288402041674174603e+00
1.519539594347376843e+00,1.344934131595363347e+00
1.018255556399126682e+00,1.654115061007418452e+00
9.960435463460092231e-01,1.385845105251256593e+00
1.637327333582200728e+00,1.493100099316977847e+00
1.439128118412490887e+00,1.120355693579234035e+00
8.510360997463366495e-01,1.697083694147024646e+00
1.307317712883103944e+00,1.527275868811041493e+00
1.903562926567017088e+00,7.157684542401402394e-01
1.326827483620272030e+00,1.210205083305846863e+00
1.460757804290774287e+00,7.931017393678658767e-01
1.038661245145548584e+00,1.433344431945388520e+00
4.175353101100805486e-01,1.778213098362597888e+00
1.097592436099484869e+00,1.280694064227205553e+00
1.247602194832212019e+00,1.427562913242407694e+00
9.693692847818388136e-01,1.690635369469487337e+00
6.719321364095949267e-01,1.572983232191375036e+00
1.680021923458539623e+00,1.405666348611920968e+00
5.356954638982376338e-01,2.080420079505117315e+00
1.509169782923398540e+00,1.119381594221857679e+00
1.226907315301675183e+00,1.205146129917754383e+00
2.871483078357511265e-01,1.884477976705749347e+00
1.334785434364325063e+00,8.647938743842439324e-01
1.146524424451042190e+00,1.335966284561590500e+00
9.449166402098939654e-01,1.586960654383791081e+00
1.372146480683578584e+00,1.326183189364698478e+00
1.082134713523682956e+00,1.239673345589569209e+00
1.051760938036596871e+00,1.328813559594705040e+00
1.148574124627089743e+00,1.158429534600324606e+00
1.543703609599128779e+00,1.354430392923097415e+00
1.366834095721075615e+00,1.290705425154700992e+00
8.808793239806593789e-01,1.128762615209952802e+00
1.020438435410618183e+00,1.607950136882326797e+00
1.261230580210643604e+00,1.098840429051371359e+00
1.414939337983756484e+00,1.594147762047651851e+00
9.676257389237459261e-01,1.780318268622716360e+00
1.518100787233717108e+00,1.043752329776634902e+00
1.495966012024458669e+00,1.045912482329246052e+00
1.509722528260350582e+00,1.369629659415095624e+00
1.453255686943646596e+00,1.060510978560780915e+00
8.721419721810105274e-01,1.473622561974742506e+00
1.273871701946178492e+00,9.281108516520690799e-01
1.375411353467072884e+00,1.214507779101421381e+00
1.681592446287805798e+00,1.001711526141519037e+00
1.246457794760936544e+00,9.697705558881388743e-01
1.270706039679172061e+00,1.759593076457675487e+00
3.746613670632683579e-01,2.056292564973063730e-01
1.537313362093030378e+00,1.321938211506232586e+00
1.576110241442370219e+00,1.433348870242584949e+00
1.290688572422403535e+00,1.594625644646049611e+00
1.437580309390836586e+00,1.868438790738602640e+00
1.255128405845772344e+00,1.131809823681391602e+00
1.808379832098260254e+00,1.149862767806196118e+00
1.182618392383499417e+00,1.042553994509012316e+00
1.219890146322669455e+00,1.035719577446724715e+00
1.202594807316883063e+00,9.482789237106372671e-01
1.282757866678107206e+00,1.006805529271640021e+00
7.550823943375284397e-01,1.149402142421021455e+00
1.322902243555953428e+00,1.072171915667870401e+00
1.793532973003447939e+00,7.061847825700352521e-01
1.242023687289359746e+00,1.255712946987133316e+00
1.219525630158391882e+00,1.022716770015684284e+00
8.721341485036750996e-01,1.358134490409214523e+00
1.589098784038063483e+00,8.848908277380874710e-01
1.325041405640219994e+00,1.165617000195358965e+00
1.519899844600089533e+00,1.081724833666776631e+00
1.599218628167954126e+00,7.166929945648700118e-01
6.485306341074045244e-01,1.338946479846243376e+00
5.404165380100753868e-01,1.267988497970999440e+00
1.045351272194707359e+00,1.673893020816340282e+00
9.528527989978918811e-01,1.036048871264982463e+00
1.143362448908994189e+00,1.178478641388378767e+00
7.969808795478681152e-01,1.752685524074062862e+00
1.197633250926177118e+00,1.051873729128537160e+00
1.414631128935117665e+00,9.088592386094297426e-01
1.060500433721772273e+00,1.256860032424919504e+00
1.189313477534543528e+00,1.510732995417990443e+00
1.517601263364264375e+00,1.056718351157348135e+00
1.624830678598547351e+00,1.115219867383114627e+00
1.362102791144390590e+00,1.224272973632322570e+00
1.027797504409454055e+00,1.125326584359858550e+00
9.081333755095793991e-01,1.157384626039734243e+00
1.108228797042658975e+00,1.210249291840227226e+00
1.072912115106570141e+00,1.092850295416812889e+00
3.204469041485611958e-01,1.132178370617630714e+00
1.126995495894124844e+00,5.048639924278824909e-01
1.147227251951925320e+00,1.333782462367899546e+00
1.019603540264236718e+00,9.031513605053377303e-01
1.409711784054474393e+00,1.056239370376196751e+00
1.694395679460789061e+00,1.457708828984408456e+00
1.110844087863577467e+00,7.833997157831181779e-01
1.177292680776872658e+00,1.449525297044869987e+00
1.215706842240338093e+00,1.237801768379131584e+00
1.347553555023712546e+00,1.292716428102219428e+00
1.269445838769238444e+00,9.969021675975157093e-01
1.345188994155196438e+00,6.127576819939462016e-01
1.192393375829240876e+00,9.024422083368691672e-01
1.057896809137558458e+00,1.274922730902218859e+00
8.337254174681401064e-01,1.626894789672213681e+00
1.003781810631489746e+00,1.610345471920894500e+00
7.495231094427334817e-01,6.562951866717876559e-01
1.093853339120086199e+00,9.754189755611586410e-01
1.183193151654940323e+00,9.999314812476964853e-01
7.412080499720504756e-01,1.574238644100569129e+00
1.107764556118210120e+00,1.424805090584726486e+00
1.212813100353604234e+00,8.666137451503345135e-01
5.652423835398672214e-01,1.002255748929918422e+00
1.001389713693068062e+00,3.781586925133045285e-01
8.576907351747659058e-01,1.164058624888462568e+00
5.718516850091107662e-01,1.398308542065131110e+00
1.295968426527045692e+00,1.370195605849387821e+00
9.698911445335034465e-01,1.310660302333895189e+00
1.223848979809475379e+00,1.232325908229804590e+00
1.709160894367699024e+00,8.243453689732943568e-01
1.548676009787963492e+00,1.074872613867783322e+00
6.870684048409613220e-01,8.617885335541555225e-01
6.819576260965144465e-01,1.353697954502984802e+00
1.141679126521194299e+00,1.489241886919155489e+00
1.165505533990442322e+00,8.012233625382580993e-01
1.267438684003923566e+00,1.130541994534885575e+00
1.075285961568645199e+00,6.256284480900701217e-01
1.653293169907166904e+00,9.346249196754132793e-01
7.347508618928011437e-01,1.197987905192017477e+00
9.738841537227670431e-01,1.065324862390986560e+00
1.465523763650235622e+00,1.092696342641643614e+00
1.023583287847369849e+00,1.425321083408355394e+00
1.058927813427432252e+00,1.209137143584619656e+00
1.285610427170363890e+00,5.672207330215875976e-01
9.836692774670238171e-01,1.070148325504304276e+00
1.058510363928649500e+00,7.559344439529808168e-01
7.174174933020266431e-01,1.070127571111854969e+00
9.088834309272759704e-01,1.483691906170427899e+00
1.231005102396835360e+00,6.450734172862422344e-01
1.439027768136259322e+00,5.392155478607019159e-01
1.044131656951512666e+00,1.493922812141617484e+00
7.818812465930882194e-01,1.731414866887669657e+00
1.177706747447291757e+00,1.349549717436147267e+00
1.091049135721823493e+00,1.341831222902595711e+00
8.911732946452296522e-01,8.984923835137803572e-01
1.199994936139806567e+00,5.309207183809656616e-01
1.616709482356408767e+00,1.692754448491903707e+00
1.395493928389917926e+00,8.336735013107420267e-01
1.203309192261581506e+00,1.055169389736642316e+00
1.230667327781121756e+00,9.361931673135513998e-01
1.093193194850916372e+00,6.241707735619047570e-01
1.527422661134844928e+00,4.390495013925873047e-01
1.143831233693033411e+00,1.445094311003914056e+00
6.512287310901158088e-01,1.353033523826891349e+00
1.326901747451088243e+00,1.186247938841845651e+00
8.560905076310399986e-01,1.415784015284562436e+00
1.351392165135558043e+00,1.204083367556659345e+00
1.135192477446941517e+00,1.539365162815210297e+00
9.514840438298003411e-01,1.715749924705309404e+00
6.993097564721291182e-01,2.019217062256249307e+00
1.332978238970371487e+00,8.019175200868845499e-01
9.212363567363555106e-01,1.826343061473107987e+00
4.667013453326502304e-01,4.714927513569118767e-01
1.273911605736750552e+00,1.535829555512103983e+00
1.372043774066684207e+00,8.517618346243696070e-01
1.603723470784608418e+00,1.502696533472651641e+00
1.341314881330848863e+00,1.400888308888463829e+00
1.457013080118535253e+00,1.409454586598982706e+00
1.315822617394137417e+00,1.615758212319332809e+00
8.705176389994425667e-01,1.755526099529281847e+00
1.459686243282650286e+00,1.285621301645356152e+00
1.297632544474824234e+00,1.356902368778524215e+00
1.243846962649002519e+00,1.613871358498050856e+00
1.282172716211995578e+00,1.582089227098820272e+00
1.213175982870722924e+00,1.359008781799484478e+00
4.936430667725784094e-01,3.996506387096260271e-01
5.206199652163837621e-01,4.163820779633073399e-01
7.673478752075235665e-01,2.814654045148167749e-01
5.385888745528829569e-01,8.682176559090293289e-01
6.894181085395099107e-01,1.253007943693274395e+00
4.561363441324080559e-01,6.887323480609237603e-01
1.227943474543921054e+00,1.541466953858579458e+00
7.899856124432966809e-01,1.183836413052239189e+00
1.456171789758069490e+00,1.073280898359368019e+00
1.083039697642610877e+00,8.832625187411136114e-01
1.081144692970263721e+00,1.409952198752485897e+00
9.874711634081571043e-01,1.541057873758293395e+00
1.113146538919683293e+00,1.053390022557293859e+00
1.054845463073896150e+00,7.365443112408733839e-01
5.011812119389085218e-01,1.890052857928624208e+00
9.639328681696488488e-01,9.741425436220476630e-01
5.617273087526829523e-01,9.534978695633822277e-01
7.899552356177269585e-01,8.165297792196225535e-01
1.489201423791728152e+00,9.941331116172199556e-01
1.347886606026154732e+00,3.486091827297813639e-01
3.198966200121496350e-01,1.038111766984048945e+00
1.159770566611655784e+00,1.198721916736263715e+00
1.220059733210805408e+00,1.573716956608155693e+00
1.019652998902588203e+00,1.188878508559646718e+00
1.363784118805411838e+00,1.300177933329675906e+00
1.519324668881166129e+00,1.352653117766734692e+00
1.222885999634694576e+00,1.447826327643057631e+00
1.224909658683184022e+00,1.439642373278291254e+00
1.056784689019404144e+00,1.461538855858357078e+00
1.682710277746745087e+00,8.661656146914935572e-01
1.271354588278051256e+00,1.493084764520330232e+00
1.095743922809280679e+00,1.330243163290556474e+00
1.216490417131671720e+00,1.543670256768552074e+00
1.366855947864388243e+00,1.286646489589239550e+00
1.134152778379200921e+00,1.440546021436211799e+00
1.195423677002401597e+00,1.092882919922999685e+00
1.056509908756280147e+00,1.258918948807653759e+00
1.543049888917163992e+00,1.593574272739630704e+00
1.922067374726142530e+00,7.949351054824884688e-01
1.019630004205108520e+00,1.186492032316913692e+00
1.467621578329003196e+00,8.326892273155526158e-01
1.476112477101611198e+00,1.509824406445330558e+00
1.525661395413785870e+00,1.534414784085808670e+00
1.640359847258333836e+00,1.522035345285996044e+00
1.550351066383186316e+00,1.322482731797224531e+00
1.747627382178891686e+00,1.170027079569767814e+00
1.393562383847594122e+00,1.847053549452606136e+00
1.447576068165866037e+00,1.572957335738247586e+00
9.134852717106826114e-01,1.781827737565672143e+00
1.579141420657588446e+00,1.230805307223417744e+00
1.542818252454490446e+00,1.429328335233788883e+00
1.749540162891833228e+00,1.306827301541568787e+00
1.244847245465821262e+00,1.814660092608223474e+00
1.529903179961114912e+00,1.382943868985989422e+00
1.260671494836728801e+00,1.378469544116250445e+00
1.199443556090376006e+00,1.472355535533548032e+00
1.721032437486285316e+00,1.310411973267917363e+00
1.224192548706027672e+00,1.723469936643478251e+00
1.512150620687887637e+00,1.084681788202588093e+00
1.460642732373715003e+00,1.522457948334332123e+00
1.841234049768110337e+00,1.001019874041877200e+00
1.621053101111933126e+00,1.359899564350274037e+00
1.532081938382874320e+00,1.332586540211155635e+00
1.362868092380900453e+00,1.431890269844077856e+00
1.058704909897603130e+00,1.445051800398461594e+00
1.392993138508192619e+00,1.317138554359976288e+00
1.451245435889722435e+00,1.184550043490251836e+00
1.628236354527441199e+00,1.130216415505849836e+00
1.592663585644966462e+00,1.401402637691252950e+00
1.241431242250478739e+00,1.561920528247267681e+00
1.720925107447276892e+00,1.072953460981888485e+00
1.409680091008265412e+00,1.155081862495207945e+00
1.678812116625434836e+00,1.092780089862209536e+00
1.221038423826755981e+00,1.638715282968157272e+00
1.293525045092166481e+00,1.742901553614035981e+00
1.834791408999080442e+00,1.222462873782446113e+00
1.572021242086268922e+00,1.575871458067478192e+00
1.293464432901453076e+00,1.645735385745668466e+00
1.685748631728703817e+00,1.511538871891452196e+00
1.366186702540925557e+00,1.449115268203982954e+00
1.583488098983991677e+00,1.216463432149884172e+00
1.487780163739584216e+00,1.192097210132502472e+00
1.872316237175514431e+00,1.100620118029866701e+00
1.598684666303842539e+00,1.408556533030058233e+00
1.552912254610540277e+00,1.348024705898826392e+00
1.681617304152130510e+00,1.107469067512190319e+00
1.414692318129407322e+00,1.471085897839963685e+00
1.403291318476511673e+00,1.668044298972079176e+00
1.690672880373785825e+00,1.147681973915717357e+00
1.371507942120818502e+00,1.470662026148329193e+00
1.100519805760423075e+00,1.843407409716156353e+00
1.592239157299290886e+00,1.439309118871866966e+00
1.489595179254310509e+00,1.365414185491847121e+00
1.693412113907050598e+00,1.271358287559606337e+00
1.362919772929741535e+00,1.398800275361745227e+00
1.124218091615606596e+00,1.497738254935037761e+00
1.457873040807122988e+00,1.179749567642997432e+00
9.521187436262743553e-01,1.652516953614278972e+00
7.866802992601413802e-01,1.496563194711375111e+00
9.385932835424205534e-01,1.520889242587967205e+00
1.528583703482380374e+00,1.333652783821630550e+00
1.035382359032706701e+00,1.569358474242330326e+00
7.071873672324390236e-01,1.214983726796263763e+00
4.976074857509569238e-01,1.407321353021435906e+00
1.398619283934467550e+00,7.425882531184327950e-01
1.075227180867761367e+00,6.069949163663568292e-01
1.098846829998779695e+00,1.694657332910413094e+00
1.026189868735234878e+00,1.346382523508087514e+00
8.598311701649169470e-01,7.025286066965782394e-01
1.240285317916937968e+00,9.566388998975920988e-01
1.714680729180932284e+00,7.125034059449146806e-01
5.854475077193999066e-01,5.550954020962526325e-01
1.328819816118032682e+00,1.198043379196115588e+00
1.219592758962175116e+00,1.185164187771414079e+00
5.840032254736315931e-01,1.334506062814630134e+00
1.097056107593960217e+00,9.373703169260014789e-01
1.330884540706845698e+00,1.049844256588507552e+00
1.314099455161334973e+00,7.513282066059391306e-01
5.535907004945674892e-01,6.782216132365233019e-01
9.564253424346362831e-01,9.218953709052891687e-01
1.135909031384087831e+00,1.309234573250999345e+00
1.421358173428613370e+00,1.240753161021109552e+00
1.407956997647670683e+00,8.838189012848379766e-01
8.824144445465190723e-01,1.040271945479082083e+00
1.363991638692567232e+00,9.490075632277251705e-01
1.578619457792062253e+00,7.007098609817520307e-01
8.612734427802150039e-01,1.074732109848611561e+00
6.279703412584841660e-01,6.856325486863893426e-01
1.155795700813414539e+00,1.069317212979166376e+00
1.113063027551010498e+00,1.476703961462782599e+00
7.652325059721480915e-01,1.426201135583355928e+00
7.164149144981593054e-01,1.903341144596764289e+00
1.195047550998531438e+00,7.255696961103340614e-01
1.015586546338332008e+00,1.095695729825802989e+00
1.232309395897419835e+00,5.995814176599506551e-01
1.437812253811087126e+00,6.716200570635635358e-01
1.132308924078573087e+00,1.160652882816374909e+00
1.071344545335976228e+00,7.783009478029554451e-01
1.013044567789524564e+00,8.404510960427770128e-01
1.193608344267033994e+00,1.136100001205436749e+00
7.840052197939246792e-01,1.017431238458473830e+00
9.079620008365456574e-01,1.504804425104310894e+00
7.977441503755178243e-01,9.305077907980819907e-01
1.376593106141948519e+00,1.083815752661159593e+00
9.047843301051613496e-01,1.359020927105656806e+00
1.471671754960427236e+00,1.101462932426635399e+00
8.504913432745543345e-01,1.277578570954355230e+00
1.221282561655781640e+00,1.336870864182397423e+00
1.027624214419874171e+00,7.986887758045443375e-01
9.372396153759573467e-01,9.664275981287793194e-01
1.092080330832457369e+00,1.488672072676193503e+00
1.179293497874211338e+00,1.598358704266781505e+00
1.634103617047173218e+00,1.312701908828523889e+00
6.061113593539401156e-01,1.106852001208525893e+00
8.554276621878525999e-01,1.704884771183145853e+00
1.331717044385581916e+00,6.930890282952630876e-01
1.705454880488370684e+00,8.103719604586701042e-01
6.101458986736000289e-01,1.084137886185418287e+00
6.613265142918417494e-01,1.473549606709601445e+00
1.498432192699631127e+00,8.878193240679742582e-01
9.648003608529263087e-01,1.295578139689903985e+00
9.521482284978519672e-01,4.294581570448552377e-01
9.622930909765641250e-01,3.289229353037115278e-02
9.333862793604541519e-01,5.520434450898458190e-01
1.638803660412055496e+00,1.276469193542110414e+00
1.471592040166901150e+00,1.203902908210580991e+00
1.850692572679756731e+00,1.349802506022531157e+00
1.776841699164491972e+00,1.121087829591755236e+00
1.069205262615924079e+00,1.305997999835785794e+00
1.687668354265167814e+00,1.350244376725618700e+00
1.307788377338120922e+00,1.610928098852184798e+00
1.365241225686884219e+00,1.417927076758081162e+00
1.343526254965104361e+00,1.156846787131458054e+00
1.519772150471586203e+00,1.238088981026509439e+00
1.525082119102923128e+00,1.413578576187449976e+00
1.624803838013576529e+00,1.281190582719607285e+00
1.642474297492380053e+00,1.348984443651585208e+00
1.129870662547464155e+00,1.520599299412159322e+00
1.443568608466576197e+00,1.457283053476909229e+00
1.229872099023708421e+00,1.466348014103501018e+00
1.420834614596028667e+00,1.307044577473201796e+00
1.397516816473286294e+00,1.266527691276856382e+00
1.116741997822427557e+00,1.190002979390163640e+00
7.667379999625240083e-01,1.457946673422741091e+00
7.399069327983046618e-01,1.369936443474184973e+00
9.458231918618184020e-01,1.447249313004179694e+00
9.900963389070009946e-01,1.103760631409707482e+00
1.203154097604060224e+00,1.305859842382489422e+00
1.216441531285531452e+00,1.100138517415936157e+00
8.999623823938514011e-01,9.808401777144399869e-01
8.005744507335572635e-01,1.474084420351478464e+00
9.484916002921734979e-01,1.599072258676670577e+00
1.245178236974834096e+00,1.224805326566524410e+00
1.222011172482763808e+00,1.359148535142530534e+00
1.257752692570856201e+00,1.388138554951274806e+00
1.256913838918590542e+00,1.511530987553794114e+00
1.496787614289087243e+00,1.404704997339913053e+00
1.150782524883324553e+00,1.441728959435647717e+00
9.336016139260013835e-01,1.260362053877472688e+00
1.364565635687026601e+00,1.027236984490086824e+00
1.367528412028574447e+00,8.688338878939582122e-01
1.524447923190151322e+00,1.154601248298304350e+00
1.585219344593322699e+00,1.240857115225247220e+00
1.298003521223065615e+00,7.552145084712932332e-01
1.497428105583865410e+00,1.520671340878115174e+00
1.353258635446098923e+00,1.135244713801632832e+00
4.417522695911514918e-01,2.448469076285557933e-01
1.352508108075235249e+00,1.526458052791365150e+00
1.708520846649464797e+00,1.217778372052768843e+00
1.794205252319460264e+00,1.144833651713334399e+00
1.666558984880215144e+00,1.297856415493201965e+00
1.376698226418923143e+00,1.485124221250718746e+00
1.612398091754098095e+00,9.766652244378442038e-01
1.369658187472994060e+00,1.150045727616468394e+00
1.335592582657311622e+00,1.649986745743053485e+00
1.457898849292570631e+00,1.360514022377956600e+00
1.690387569627659570e+00,1.230970399199669219e+00
1.821174968388974635e+00,1.194183135307467891e+00
1.148661307374831742e+00,1.619124327989684975e+00
1.556669869301169795e+00,1.435430884260735507e+00
1.773879373186410202e+00,1.333850177179638274e+00
1.133030171499403993e+00,1.408629065147803283e+00
1.470997728744819266e+00,1.543941503416788708e+00
8.108064047197105495e-01,1.902388288261328775e+00
1.791348565281708494e+00,1.206613132635586672e+00
8.946865186768105938e-01,1.610413976753238829e+00
1.536046703841847050e+00,1.331932392428244460e+00
1.586376960438563799e+00,1.005886108366106146e+00
1.081144193759322469e+00,1.067453118620970365e+00
1.070083170204898737e+00,7.093749006626394182e-01
9.814103621975484026e-01,5.255127347741723742e-01
6.456671968416789475e-01,1.285005678416206498e+00
8.010797911620738398e-01,2.745538592506853726e-01
9.268625005864518096e-01,1.331732930541014603e+00
1.514749364041365176e+00,1.115611355867194288e+00
7.023554016763259300e-01,1.189158117343089405e+00
1.435447048288935878e+00,1.136936537913066481e+00
8.600958082007200689e-01,1.374151566766844912e+00
1.416091895712530135e+00,1.230926352512954125e+00
1.583184576091246409e+00,8.607070458304598715e-01
3.561171296359499916e-02,3.585131639814606030e-01
1.058091111825820274e+00,9.690680929050279335e-01
1.124246771277924273e+00,1.139689236368863323e+00
9.965065657729296200e-01,7.806836875113795093e-01
5.165934784746579744e-01,1.417456058014450626e+00
1.177156968988964270e+00,1.028440126338850735e+00
9.024368997022534922e-01,7.561731728054276180e-01
1.131589579775813759e+00,1.586219324575314671e+00
9.974658162268464912e-01,1.353784449568503190e+00
1.203938595056779581e+00,1.398978218706363075e+00
8.697335286452546610e-01,7.187838415620068089e-01
4.642907326838246473e-01,9.909948906339239860e-01
9.446493834354433572e-01,1.237059220344304933e+00
1.203085447449142364e+00,1.378382982775312904e+00
1.105201909716968078e+00,1.400191988930379106e+00
8.806690717029670434e-01,1.785180215048023378e+00
1.764127064435297765e+00,8.688117597604577691e-01
1.416389137373143869e+00,1.523480917885322361e+00
1.060704655897591886e+00,1.343700399738755102e+00
1.018431794386324807e+00,1.264678719643374860e+00
1.404168394899410144e+00,1.103046751840512485e+00
1.150161753686905541e+00,7.814269577751834506e-01
9.898594568860683562e-01,1.668268917930894268e+00
1.210841538668081530e+00,7.441684830316380728e-01
1.709984325981348530e+00,1.064009401396305510e+00
1.064556247834198777e+00,1.258880958012714490e+00
1.280499512455126609e+00,1.204410914073962058e+00
1.261767595683511933e+00,9.909160948221199527e-01
1.442166403991035351e+00,1.392139136850576442e+00
9.788636550912642731e-01,6.093469820247012780e-01
1.465917344507143394e+00,1.433923315140744226e+00
9.142028299509513678e-01,1.547837458056264159e+00
1.622960486129550128e+00,1.266535105739692302e+00
9.551583315514096117e-01,1.655412434750622719e+00
8.175463647757147401e-01,1.143836613584386930e-01
8.177933993480989150e-01,1.517816715859077181e+00
9.719347384505510057e-01,1.536164878889307195e+00
1.251441523352885943e+00,1.002416029553644172e+00
1.160521452020076394e+00,1.251656083534293584e+00
1.036316103546723877e+00,1.354967546508883292e+00
1.145676053194193411e+00,9.410538620950572586e-01
1.240218857293092114e+00,1.517253651019927041e+00
1.016714685071834712e+00,8.805106006680601949e-01
7.726386471272586043e-01,1.468707697578806703e+00
1.543295625651684100e+00,9.555838837289000187e-01
8.892324572089828072e-01,1.200799531779407570e+00
1.165276993758409541e+00,1.150294375415247039e+00
1.043624517087170300e+00,1.490697662551371483e+00
9.589053415135545544e-01,9.211720771823019849e-01
1.146374452462019633e+00,5.700662190197262058e-01
1.449907006238901896e+00,1.159073373857247846e+00
1.008244728067094531e+00,1.191895342850004091e+00
1.234601894753263318e+00,1.244971593762238760e+00
1.252429804899748422e+00,1.477910943661728371e+00
1.227395399118101693e+00,1.091952293373738003e+00
1.135583917112313879e+00,1.521765374335296128e+00
1.197317675990201780e+00,1.458427644103978071e+00
1.012190983400175437e+00,7.590056429566039986e-01
1.112845190318969113e+00,1.729485042749480561e+00
8.708178830557149475e-01,1.930343438543739687e+00
1.509794991866656444e+00,6.361385847862217613e-01
1.373583598229527913e+00,6.382513582046737133e-01
5.694347076244430372e-01,1.791948080860476855e+00
7.800216008291080971e-01,1.670668485724168262e+00
1.078057149176377738e+00,1.267710611264842191e+00
1.187846946473079646e+00,1.427580498011712606e+00
1.012450832630687358e+00,4.257532059608991060e-01
1.246606569923436325e+00,1.262914477289174053e+00
1.526713267100036076e+00,1.659021090153682820e+00
1.228846040461256672e+00,1.391314622440957827e+00
9.615597960940122091e-01,1.565065844662565375e+00
1.170691963699635796e+00,1.076012404700890324e+00
1.309171138351373775e+00,1.037435446480359458e+00
1.416969137428425451e+00,1.420977921428885127e+00
1.135101432472201077e+00,1.345967770851315581e+00
1.027321746241434353e+00,1.368677601422660262e+00
8.246174076968337818e-01,2.105288192277874781e+00
1.236828959657875648e+00,1.027525838026323690e+00
1.011604524299115182e+00,1.395167881935472032e+00
4.730425215747453560e-01,1.605973639416407028e+00
1.019720052474829997e+00,1.126742852022437180e+00
7.945574776442995146e-01,5.376032637551541038e-01
1.176074375175794717e+00,3.899875683465123810e-01
1.194089389062009898e+00,7.789960262764695775e-01
9.857766276524797533e-01,1.338532395540375397e+00
1.301566247818025213e+00,1.240771351817762991e+00
1.605921689257660212e+00,8.419050855818787094e-01
7.939497281674706697e-01,1.258826456555799167e+00
9.405418121670938714e-01,1.182396820295102069e+00
8.279377695573248985e-01,1.465579493015405133e+00
7.061688180061445053e-01,1.008885017182697075e+00
1.119064591244292250e+00,1.162465838345120739e+00
5.882422889166342150e-01,1.157236397497742431e+00
7.609863097938270871e-01,1.666907975637209827e+00
1.097474486539628646e+00,8.949950330064168069e-01
1.806012544893306426e+00,4.722934575898005694e-01
1.148742174957837703e+00,8.477968418493062597e-01
1.318179963423792955e+00,1.077313240271214001e+00
9.569680397338877764e-01,1.062536136243065199e+00
1.389871955439094364e+00,1.322569928434143227e+00
4.895903659260227858e-01,6.051164021545295535e-01
1.648221025714465382e+00,8.656805943377927637e-01
1.205428452919952376e+00,6.899211677937845399e-01
1.604838748090980705e+00,4.727761594007102719e-01
1.065741940754559858e+00,1.348610411284518973e+00
1.368978867886217143e+00,5.866597841368181854e-01
7.211489541060469577e-01,1.159024636533170893e+00
8.387579430616823872e-01,5.081905121031043970e-01
1.163839579780973299e+00,1.211683972828115685e+00
1.504774889865703624e+00,5.657384344157950773e-01
1.343656044316392073e+00,1.318853291287566121e+00
4.711216163570682292e-01,5.495166610576336375e-01
1.147770961742754281e+00,1.479727270849238385e+00
1.039212840582649955e+00,1.014688905805120500e+00
9.567514024622891800e-01,5.861036569671568275e-01
1.386570626527957817e+00,1.381132943405349645e+00
1.850145845631235408e+00,8.083107528672937026e-01
8.283805582315545424e-01,1.760246694874891160e+00
7.389646222220079830e-01,9.654980777364697841e-01
1.027957450352228408e+00,1.172189218023129031e+00
1.155276642039005264e+00,1.097358072111407123e+00
1.055451497400852201e+00,7.006588968464283473e-01
1.500889851666546315e+00,7.597820094730108886e-01
8.941561020170790686e-01,1.238829126188155660e+00
1.031105723363346272e+00,8.902905104195698582e-01
8.727589825729028528e-01,1.193485350782804710e+00
9.808583736783541562e-01,9.384354065502045206e-01
1.180181338075980690e+00,8.643719062531859398e-01
1.424710645556638067e+00,1.362628667276397421e+00
1.284371506002585317e+00,1.223016498205253155e+00
9.051085867070050028e-01,1.036059054652646916e+00
1.264327505369009286e+00,8.904674041055972156e-01
9.381607297946518154e-01,1.315872924743519912e+00
1.183171854588197958e+00,9.861393517951934085e-01
1.343979854866995893e+00,1.573354665214767856e+00
1.453830522372414391e+00,8.698153621706872229e-01
1.505531142347160234e+00,1.293385236844413644e+00
8.165897007333456914e-01,6.798542028145911909e-01
1.092618773848182068e+00,1.176954771067255434e+00
8.111970409773453516e-01,9.828123908102287531e-01
7.037233410130933065e-01,6.795433203076307604e-01
1.036894062577871978e+00,8.703760123586629094e-01
1.104138449210638973e+00,6.464708051755898577e-01
1.062017516157536035e+00,9.480886223509110700e-01
1.142383279415851272e+00,1.076680311717123972e+00
6.667052377919069350e-01,9.830175659483365580e-01
9.498242852732000641e-01,1.062575555330786070e+00
1.347447709767865653e+00,7.149320237460788929e-01
1.140416157495963034e+00,1.105138791986839841e+00
6.943968605987056453e-01,1.298130829893441973e+00
8.493836875196840719e-01,1.185492387408157100e+00
1.217645191729315401e+00,9.862009933157273034e-01
1.088979297597030715e+00,7.399301759400811473e-01
5.654467268000711311e-01,3.255111655549769445e-02
6.402732305568734628e-01,1.210049336557732502e+00
8.393644033036764540e-01,9.006324401586972561e-01
1.184983668841355087e+00,1.172932621045257973e+00
7.724241739757479186e-01,8.304072438970717673e-01
1.053898960846491484e+00,1.607549123920089640e+00
1.606390065847837834e+00,1.257846849245478182e+00
1.787633365089643211e+00,1.039112876181342848e+00
9.003009546239828520e-01,1.151594150017074769e+00
1.324693468264229068e+00,8.757556314281996768e-01
9.196490366463869748e-01,1.045702624932241864e+00
7.944107955308736813e-01,1.157550905621278714e+00
1.013182133498185644e+00,1.280040543658014451e+00
1.047414610029679283e+00,9.661531340349367447e-01
1.516034155055494770e+00,9.919759467971303035e-01
1.003370435601270705e+00,1.444896108276673363e+00
5.034009843634940085e-01,1.518092206115652099e+00
1.342603020566260463e+00,1.468210781322454528e+00
1.132076632163785401e+00,9.973946004681512045e-01
1.063673056135960859e+00,1.004498243699084803e+00
1.430980727741302028e+00,8.047225840515579431e-01
1.350878119236576635e+00,1.138485147994966695e+00
9.565056905363792383e-01,1.667090169132222632e-01
1.472984301690745568e+00,1.559712233783757673e+00
1.497563521929289099e+00,1.303132651786957918e+00
1.065808438134843383e+00,1.584811510893866737e+00
1.677569026400229424e+00,1.097452606378081841e+00
8.944400659307307766e-01,2.758239021048294326e-01
4.831192692680624234e-01,3.235611152642982602e-01
1.141535988938840784e+00,1.123585224963462359e+00
6.540287298974116759e-01,1.354541614524981563e+00
7.936172630333330202e-01,4.117712143848873962e-01
9.438387386282889313e-01,7.510040737519344534e-01
1.552121443334952389e+00,1.263108224866376306e+00
1.277862048737098633e+00,1.022027120918839627e+00
1.122652984871057580e+00,1.510865264277690301e+00
1.184786178685113711e+00,1.147302891019226001e+00
1.626514433115571867e+00,1.468436112683476402e+00
9.063474194486509372e-01,1.106668324304093121e+00
1.138801228274900490e+00,9.982200448657948533e-01
1.080075439028992168e+00,7.937005609700771291e-01
5.863158541344044572e-01,9.963802972337325592e-01
8.154128347409150823e-01,1.475135375071257693e+00
1.299770785619418279e+00,8.408022642281139936e-01
1.228427233350234626e+00,1.160079386444336169e+00
1.145630481461959338e+00,7.951521813166867458e-01
1.129495990097886926e+00,7.369540021385674322e-01
1.053709733207701227e+00,8.297481070250064539e-01
5.653795759718333036e-01,1.490731870401144965e+00
1.389553123474108975e+00,9.598890935684842862e-01
9.582304464808963917e-01,1.142698294252864288e+00
1.222006420016331196e+00,9.229288895025954398e-01
1.776777102900456873e+00,8.171566043079715458e-01
1.017497664324312323e+00,1.206250940288837059e+00
9.438035993055698958e-01,1.277768164994084854e+00
7.330382022383220564e-01,8.108282124323217266e-01
9.379191226902299228e-01,1.411085905322127854e+00
1.036595728524724702e+00,1.636350259362687964e+00
1.651341179730209552e+00,1.071947361151486033e+00
1.096946437649766848e+00,1.370482265950325296e+00
9.719635704001341470e-01,3.552686057261016939e-01
1.086175459364254081e+00,8.401426688702701151e-01
9.729070736446215895e-01,9.929414381672865275e-01
7.962149594438573397e-01,1.148027698246088191e+00
2.850473296463702511e-01,1.229272395859808187e+00
1.354064144085013632e+00,9.188294241801808759e-01
1.476634685182511841e+00,1.476037963724006197e+00
6.529455929557800298e-01,5.167900012320246761e-01
1.112424482844666773e+00,1.232610695247725596e+00
9.785470557195102836e-01,1.248454669790641125e+00
1.697191080257058227e+00,8.901194474558916658e-01
1.057140100267202953e+00,5.347649436538945977e-01
1.626827254553574242e+00,1.060705913672174816e+00
1.117249175984561749e+00,1.491450116653278757e+00
1.476783663848547423e+00,1.078698022171089344e+00
1.552343985276842142e+00,8.821187758720981931e-01
1.212390730184167875e+00,1.353968323723095057e+00
1.057778955720653169e+00,3.824295186962458626e-01
9.060029621899410301e-01,1.138134365104902068e+00
1.614988426110166131e+00,1.262831168057660935e+00
6.926906074432364058e-01,5.583275907848668229e-01
1.075836209078213423e+00,6.635520698660943850e-01
1.020903391734624854e+00,1.208173107026980553e+00
8.118789312352265863e-01,1.128448319263701372e+00
7.481513252973049921e-01,1.483510888827366481e+00
1.277974904520083665e+00,1.446259086367838398e+00
8.478843656279206886e-01,1.261191293526058521e+00
1.066393161744722429e+00,1.247538859695055846e+00
9.174048262726141045e-01,1.165003309658331654e+00
1.570718473461595988e+00,1.335951141563637368e+00
9.779317721477760461e-01,1.125592288628808557e+00
1.679140973705124384e+00,1.274858699630403658e+00
1.914888323203270737e+00,8.321856363244301003e-01
1.310882684088584105e+00,1.785741982521580562e+00
1.215488586801318105e+00,1.172927173906397558e+00
1.204823181325659354e+00,1.137695780775056509e+00
8.144797492413510254e-01,1.171188583457031918e+00
1.202893187548383258e+00,8.635763677485192025e-01
9.134101068575235516e-01,1.332571014973122692e+00
1.093632448215285047e+00,7.946714843713076348e-01
1.225428543579002882e+00,8.256128658709802615e-01
7.057555637584526087e-01,9.244996962125455742e-01
1.120334908614309066e+00,1.106834990665692686e+00
1.155461994440005302e+00,8.103959024473874617e-01
8.714519081822453828e-01,1.157356463106030464e+00
1.325633873813710117e+00,1.136159789747559490e+00
1.672148863625118942e+00,1.214069563583078715e+00
1.117146059481144427e+00,1.349170472485237804e+00
1.421256090652592619e+00,6.434079219309306596e-01
1.040846102208594415e+00,1.503065332593979786e+00
1.214490167975067036e+00,3.878619956280920378e-01
9.425788444953341338e-01,1.264380746792282073e+00
1.285577948250083091e+00,1.261606917390761806e+00
1.379100520260905904e+00,1.351547971542074622e+00
1.197039535579300651e+00,1.026880852690762014e+00
1.613245072884196052e+00,1.279989521246611917e+00
1.280146133065703129e+00,1.042711940741758436e+00
1.050750838062402215e+00,1.248086599143957365e+00
9.200265903810024293e-01,5.688494839733545527e-01
9.835672645996199615e-01,1.418608324080273819e+00
8.832827396724520774e-01,1.528286431573540272e+00
9.524001938942890932e-01,9.849520821900047407e-01
9.542990515548612773e-01,1.374816683071963253e+00
1.205045206700596783e+00,1.341245026736576085e+00
1.725490847690278828e+00,7.372793459290231111e-01
1.036225840940354193e+00,1.294957623436084893e+00
1.430140496116188986e+00,1.369033875381992393e+00
1.092833766701310827e+00,3.336260060327297383e-01
1.652169405420684578e+00,1.279957283792009015e+00
1.680110766750205986e+00,8.888029376403510096e-01
1.316193787237470270e+00,1.418424353329308163e+00
1.567977728041344720e+00,1.200385922007949580e+00
1.071641546231103748e+00,1.418969102217610745e+00
1.512643493545946516e+00,1.519058940847017869e+00
1.176321711703889106e+00,1.162000836654364821e+00
1.272666740331036994e+00,1.548442771393459427e+00
1.249378878751394639e+00,1.734503548983379329e+00
1.163595540903078041e+00,9.663294828460708974e-01
1.394413467407855878e+00,1.204028032719095531e+00
1.250771928779943698e+00,1.465604667418890283e+00
8.915297062626165170e-01,1.482509271982318300e+00
1.171871763390643695e+00,1.663183961826989243e+00
1.468706781506587067e+00,8.398018132170291805e-01
9.183962045699641807e-01,1.027127528954157043e+00
9.524876554895661540e-01,1.200252818552766998e+00
1.295826400747737805e+00,1.000993688391641268e+00
7.351343687785245606e-01,3.731048080137646661e-01
8.567099949916147095e-01,1.184089911180356225e+00
3.826809598569272386e-01,1.328894383750014452e+00
1.243031779120470581e+00,1.173132820156165046e+00
1.490002622636150020e+00,7.986995398287193293e-01
4.766428277098274657e-01,9.070195782418902786e-01
5.146292660244521366e-01,1.320795736908448426e+00
9.901121266101707841e-01,8.052975077990964792e-01
1.279053183976015973e+00,8.230156800233544567e-01
8.290981239014472148e-01,1.325196947060395480e+00
8.578767903674372475e-01,9.589370765093283566e-01
9.307571467236889218e-01,8.934197161288421896e-01
6.004765288308260285e-01,1.108247652341474154e+00
6.096109261515465505e-01,1.605259466706659310e+00
1.215647397298053711e+00,9.092126365199085791e-01
7.407967784955783452e-01,8.986004507771853111e-01
1.270356653737011454e+00,4.557124422347544335e-01
9.917274742649286878e-01,1.546468438154231073e+00
8.457268028018446460e-01,9.632067977708446138e-01
1.022006936677492206e+00,1.532968234975226052e+00
5.369913954158235248e-01,1.043679042012384928e+00
6.993004364505532866e-01,9.906693041080703033e-01
8.113613514562659779e-01,9.163979214945660035e-01
7.742916520296975191e-01,8.424848557657295123e-01
8.617517829461608381e-01,1.070766376272997089e+00
9.155826654748070448e-01,7.244199524611534269e-01
1.145518819463460680e+00,4.196046309082170911e-01
4.137503777023702201e-01,1.387677248442652056e+00
1.089139415542598410e+00,1.298251794806396742e+00
1.533722979897718997e+00,1.239293458478565313e+00
1.032921947070042590e+00,1.112943203852699847e+00
1.280281483123236974e+00,1.671861862586969671e+00
1.203882582862100259e+00,1.135805558568316886e+00
1.274626790509882923e+00,1.273818918454870053e+00
1.137422272373023402e+00,1.321461623365959293e+00
1.431935228947124328e+00,9.171078628332973715e-01
1.341841974271184235e+00,1.201937700814684318e+00
9.380833993146513450e-01,6.226345678181164356e-01
1.130289012843461061e+00,1.019907648705444592e+00
1.213429861308263247e+00,1.003888886626414623e+00
1.294153146247780883e+00,1.172201360570404471e+00
1.335881096629592202e+00,1.145878079005921091e+00
1.320622249157672012e+00,1.128480712561618526e+00
1.313529295678851572e+00,1.741920826259692578e+00
1.157486470877004514e+00,1.649554840523376864e+00
1.517780598931644409e+00,1.258056910467832745e+00
1.229017746497636843e+00,1.028841697941857980e+00
9.484208183209457133e-01,9.118362178548875541e-01
1.592539572730551578e+00,1.169468753996920185e+00
1.396637191971654035e+00,5.541436712444663959e-01
8.506331808262223015e-01,5.106298185344253504e-01
1.322434635093560518e+00,7.366394356661339904e-01
1.265996193547299864e+00,9.172930740001982164e-01
1.015622830406401444e+00,5.988480444521300239e-01
7.459610031136348907e-01,9.755652143234764262e-01
6.992071253714782220e-01,1.249197944110496561e+00
1.469385855491204484e+00,9.066128148308281176e-01
1.312813668908605624e+00,6.943736110780184267e-01
1.134510380475370894e+00,6.842321263016550859e-01
1.082443939335020033e+00,1.286463595119055947e+00
9.359429583113193507e-01,1.099758129603001011e+00
6.741147222406451700e-01,7.163683118765001856e-01
5.466764250499264177e-01,1.611265866077127962e+00
1.471628238947966905e+00,1.494356645377810766e+00
7.541397315299488424e-01,1.189199977551818943e+00
7.573305586591074778e-01,1.594773263972472099e+00
8.910117803435224637e-01,1.442555731527969343e+00
8.127605939701817439e-01,1.439978689093594610e+00
8.570808741911148942e-01,1.538696858580951510e+00
1.586530875422055731e+00,7.919699509053985675e-01
1.024517633029022434e+00,1.269307031052982593e+00
9.115446520430942057e-01,1.058731614845257019e+00
9.775889108619963963e-01,1.213065861407700119e+00
1.204015323119452585e+00,8.520882988996186791e-01
1.299430480170912006e+00,1.346879907264539433e+00
1.111050063778212360e+00,1.247256460686827939e+00
1.018969669269673028e+00,6.278880352162373724e-01
1.207900765736330095e+00,1.074193258970600695e+00
9.314613425270572566e-01,7.702815187821343557e-01
1.608218022853511675e+00,7.470756782740620716e-01
1.053469157336325290e+00,1.333975261492549969e+00
1.104010728368453265e+00,5.795346088609011348e-01
1.398420652690798960e+00,7.413786192216249571e-01
1.422788517705155575e+00,5.807213031945038795e-01
1.438278342713519065e+00,8.708697742101803030e-01
1.127995060013907258e+00,9.766296737300127484e-01
1.465567129663750023e+00,1.413266451487031006e+00
1.298378330316277696e+00,1.449542147999960839e+00
1.564974376363405639e+00,1.279634269782711220e+00
1.620934808821502982e+00,9.569722240721159068e-01
1.727180443889766881e+00,6.236685817861260528e-01
7.146692484430103853e-01,1.826279362362443592e+00
1.467792001775170885e+00,1.057914495454425730e+00
1.247715755473336685e+00,1.281337043908202800e+00
1.862532850552503838e+00,8.752834149599445501e-01
1.129581307212391028e+00,1.026416105706589921e+00
1.009165089880859290e+00,1.007947898766599737e+00
1.321093773167119512e+00,1.419809193309050421e+00
9.293800848968737371e-01,1.209157204574971001e+00
1.031109786549215590e+00,1.423419526043584460e+00
7.086392140549391261e-01,1.035237740210948720e+00
1.036632213775529721e+00,1.053693680444936831e+00
1.566910614150749392e+00,6.243182615249163181e-01
6.432828787886406552e-01,9.441554959772275879e-01
1.094168350449768790e+00,8.092538203734442881e-01
1.181012399134503399e+00,9.558379428309141668e-01
1.448652028955301319e+00,4.614263421916312002e-01
1.186230248784541308e+00,4.686222612290605327e-01
1.609979175655697592e+00,1.345426184828478311e+00
1.529997660313953123e+00,1.273061779117377279e+00
9.134549562277599621e-01,1.712669311273936401e+00
5.831822535616122405e-01,7.970181125833216695e-01
9.008344431644049743e-01,5.558201385219555535e-01
7.704142359383034933e-01,8.660024796489780297e-01
7.321315092922798806e-01,1.050770881594220940e+00
6.538258472454455683e-01,1.303047887050745368e+00
1.051537160598519760e+00,8.089889580372566780e-01
1.518410898051820279e+00,8.736388021055503383e-01
6.610256284352552525e-01,6.098777728212971816e-01
1.189083004292470935e+00,8.499951427302820939e-01
9.164132116047829513e-01,7.252348718523820015e-01
1.744835807120609150e+00,8.424101233029022140e-01
1.413520393744647441e+00,1.459933239821704865e+00
1.362813408514065072e+00,1.408709514396026208e+00
1.070173901202307709e+00,2.272031228513696766e-01
1.157138738999218264e+00,1.661555595092135462e+00
7.601972904860027080e-01,1.205878770274825706e+00
1.424861094578973919e+00,1.444101761205012213e+00
6.216385717989638682e-01,7.489284370279171155e-01
1.263569940953143123e+00,8.783803295747643070e-01
5.391536491693671440e-01,1.299050822737356725e+00
1.456969886866928077e+00,9.545400303449411705e-01
5.750105278232763295e-01,4.095254145615443431e-01
1.116760764564592279e+00,1.419635812687629395e+00
1.337374405229972307e+00,7.971836582655708048e-01
1.093443949728772013e+00,1.495444837882464073e+00
1.032532809534244755e+00,1.025859526939743471e+00
1.306272784429140854e+00,1.168779818608904453e+00
8.413169023853893647e-01,1.436848516025389433e+00
1.314386002736191328e+00,1.220537514946572921e+00
1.375886298748175918e+00,1.367594235145597859e+00
1.060097066771595431e+00,9.010849159922307283e-01
1.208175529157297756e+00,1.331206219447711891e+00
1.174456709519869024e+00,1.442924927319096051e+00
1.253192655238656750e+00,8.542471852207367267e-01
1.623989535945615792e+00,1.070611771190423722e+00
1.002075654588030496e+00,1.281844816714877267e+00
7.013149164424310467e-01,9.200095418241790446e-01
1.608353856361691481e+00,1.138109520161297183e+00
1.222328660908573728e+00,1.446286597900706239e+00
1.412569803189835493e+00,9.891712051229143432e-01
9.830265545196000820e-01,8.956294665245770892e-01
1.456311751384967712e+00,5.035836975036781515e-01
1.320813134905925557e+00,1.381777006840316790e+00
9.345322680030732077e-01,1.272537389203281410e+00
1.874989683165289467e+00,1.070040943544110279e+00
6.243796836989355947e-01,1.258828093432553530e+00
9.148693457250127725e-01,1.096528771412793812e+00
1.081531237015539437e+00,1.457691886441719209e+00
1.529030875403767809e+00,7.350369232924996998e-01
1.069641319565946880e+00,1.358782045573296848e+00
1.497256244815178716e+00,1.388807995393003480e+00
9.132919070124309036e-01,1.549248038531728877e+00
1.385664594072547162e+00,6.083177850330785397e-01
6.427813297223284872e-01,9.068978220538054247e-01
1.021181949804147004e+00,6.538875371886969656e-01
1.623297559734924622e+00,1.342996682439520528e+00
1.637821554300626037e+00,1.439816829351217908e+00
8.885491607328547259e-01,1.235813041281058400e+00
9.015179545207439027e-01,9.196472265145809732e-01
5.446809244854701193e-01,7.484662241541282235e-01
1.340352171458986552e+00,1.185138370510030459e+00
1.134218301726366507e+00,1.109416754681434414e+00
1.431417171246639919e+00,1.520708205061732432e+00
1.397846066316354996e+00,1.158193172158578754e+00
6.772882804310248472e-01,8.969641255906699584e-01
1.545714221256017762e+00,8.353502347931783811e-01
1.257447345046828646e+00,1.170183173844921765e+00
1.391193465456555201e+00,1.008113717719388625e+00
1.138396340458386113e+00,1.185991309043696651e+00
8.642483137292795714e-01,8.468688110089238608e-01
1.199494752739915127e+00,9.806351539176414445e-01
1.539345194620364676e+00,6.128621858573857217e-01
1.493655914917330518e+00,1.213097696716549656e+00
1.410002236832314626e+00,1.055364879826798941e+00
1.235457300241938006e+00,1.057567311636237850e+00
3.208542315858271543e-01,5.831459582323560431e-01
1.107302515593547421e+00,9.187878790925207984e-01
1.135740557024242925e+00,2.818081093485435562e-01
7.741626967606310972e-01,5.584663749348732775e-01
1.334308547917338217e+00,1.390830114781221649e+00
7.661261228816477198e-01,1.990852086239026431e+00
9.055140289011328614e-01,1.501615775094813587e+00
1.288299137158562591e+00,1.519808844809907189e+00
1.050366545518652828e+00,1.230887129737469499e+00
1.407192351994382085e+00,1.146044784334614652e+00
1.516753462918423834e+00,1.256098261663862958e+00
1.083862676525390700e+00,1.129717226677397601e+00
1.624548854458421010e+00,1.089490909952992581e+00
8.320635598360678342e-01,9.047764735608188058e-01
1.617556413489879219e+00,1.028456352505327187e+00
9.783672867315721389e-01,7.824477997107546212e-01
1.182330705095976819e+00,5.086104471817570749e-01
9.817422682156770053e-01,2.570679613195575031e-01
6.229365345276789423e-01,1.320123052136742636e+00
8.332710537934383543e-01,8.541805329451640505e-01
5.231732513170623822e-01,1.143795351848541975e+00
1.183960621808055835e+00,4.656902916149317506e-01
6.920815391425438889e-01,1.073381054328349071e+00
9.113586502534818390e-01,7.264915226562143058e-01
9.950867527682889513e-01,6.768357904145237969e-01
1.774219193667589067e+00,8.320150582710300613e-01
7.844032405613931003e-01,1.137283559277088463e+00
1.331349808112744615e+00,1.368067969400912354e+00
9.709835800651352988e-01,1.173753474822810228e+00
1.104766023277055087e+00,1.499422654999905902e+00
1.247386410788410505e+00,1.371851875252226405e+00
1.202842489411491744e+00,1.770996471818935492e+00
1.771229916306379382e+00,1.277085882978711062e+00
1.696062182287471076e+00,1.117157967763417581e+00
5.923155335291384604e-01,8.331653407994565885e-01
1.562389506948832052e+00,9.685765495303706452e-01
1.383011138145434860e+00,9.652380200965822166e-01
1.289574876863587294e+00,8.799349054500072986e-01
1.411313636224181378e+00,7.838440766476639787e-01
1.109642235714846992e+00,6.588594871359889638e-01
1.651054455332197524e+00,1.103689002989005186e+00
1.436561141400511277e+00,1.303581210325771345e+00
1.543852125604542991e+00,1.104441520241802754e+00
8.360974522474472481e-01,1.341066158735128688e+00
1.075322399307220289e+00,8.590393738312728233e-01
9.235283927842246054e-01,9.300761777186949963e-01
1.093849486821063088e+00,1.045939056730717853e+00
2.963792150552935212e-01,1.317306459883351710e+00
7.116183921996550588e-01,1.140937189400816676e+00
1.329853415160195507e+00,1.403900220701796098e+00
8.084827894871495779e-01,8.748355091478309253e-01
7.047390522477448016e-01,8.738282976872441266e-01
6.044304282831367559e-01,8.019534244041021109e-01
6.616649814906245819e-01,7.786024886120372912e-01
1.014085042672709713e+00,6.854816283491316220e-01
9.959837962519607624e-01,1.014802007830545527e+00
1.415275401273949463e+00,1.068562494726870815e+00
9.788376352402448077e-01,1.182365667013692612e+00
1.277899030887594600e+00,1.288257765930136856e+00
1.018351806537696858e+00,1.446662000585724694e+00
1.179868566723339063e+00,7.038060271149298996e-01
8.099172058807141417e-01,8.863993606244133794e-01
1.286766230514167608e+00,8.823827966386930122e-01
8.195483120006772371e-01,1.199685974333843497e+00
1.238384274086686165e+00,1.104530806267920218e+00
6.229603232228447807e-01,1.246363679727362062e+00
1.037120078381882582e+00,7.312224312798102366e-01
2.568691893461167997e-01,1.031031148841700773e+00
8.352293945007339682e-01,6.432486538485027161e-01
1.243182766306282216e+00,5.651346902788616511e-01
1.042947800096655886e+00,5.682647042927458925e-01
1.474836650804868032e+00,1.162568796975155028e+00
8.609081856836888758e-01,6.325989760335222201e-01
4.004071709050069927e-01,9.627610209871843017e-01
9.142885977520208707e-01,8.222658016834046846e-01
1.414864027247353162e+00,1.076424190072750697e+00
1.386133446988538465e+00,8.545173435300362774e-01
1.137614046872915896e+00,1.031039717027758096e+00
1.529176503471259663e+00,1.331432941708043050e+00
6.971524209022917917e-01,1.120878478940568579e+00
1.355240092787568795e-01,9.010956062087533969e-01
1.700761987175215983e+00,7.011278819169233234e-01
1.085675813768450571e+00,9.571181299030808720e-01
1.556607685626325344e+00,6.018579948614327657e-01
4.708238553993129294e-01,5.244866006672868064e-01
1.085217633251313707e+00,3.599219351455810734e-01
1.589674024654929907e+00,5.085818809867348467e-01
9.860626827080110068e-01,1.303253818111077988e+00
3.156922970137981954e-01,6.365499912503571611e-01
1.689563913623250313e+00,1.200788313190745749e+00
1.092480520276182254e+00,9.287094981190875398e-01
1.110803899533639338e+00,5.203737326743945735e-01
1.113576473304149328e+00,3.092807947295704851e-01
1.303684653545933214e+00,7.818290922555680700e-01
1.029709037533241833e+00,3.719555686323615662e-01
9.605754606095615600e-01,5.633662636830900627e-01
8.365449798259197989e-01,8.015648481846068263e-01
1.018733728873838063e+00,4.480671550785009782e-01
1.196391386454331407e+00,1.140933607485045576e+00
8.213520659556031722e-01,6.033129807881892903e-01
1.222827819179831410e+00,1.499815330472517916e+00
1.106141901984011522e+00,7.951792007592485279e-01
1.114140312159379587e+00,1.151796712767694686e+00
1.363489709968500385e+00,7.368550589061397815e-01
1.226450911443260017e+00,1.256192307774122829e+00
1.191667427072914842e+00,1.081836719572431660e+00
1.514596653501518508e+00,1.192720336939204095e+00
1.439800899002865231e+00,1.384636264202575795e+00
8.100533549626783847e-01,8.560941320547792444e-01
8.706913631919507290e-01,9.257253919791555985e-01
8.693253596283340157e-01,1.201489199139393005e+00
1.192999580598047782e+00,9.539124068291190417e-01
9.503728670686175661e-01,6.490003288682688609e-01
1.126735642039267349e+00,9.146374816563636045e-01
7.685747888448086762e-01,9.179417834589443936e-01
1.496950057231102083e+00,8.937558913398534477e-01
9.057535582296819543e-01,1.738631835593016373e+00
1.244908627510777466e+00,6.080325376814510463e-01
7.931046038199551784e-01,1.222912330605912867e+00
1.433617057409947604e+00,7.596365459441692947e-01
1.247249461835108875e+00,1.296859102749225778e+00
1.033634198079528721e+00,9.673785811206406793e-01
1.050246630337858367e+00,1.129923609279688712e+00
1.170829483692183537e+00,1.150753725133158323e+00
1.393091532648060182e+00,1.112744999431103166e+00
5.337898231135772553e-01,5.792581816262027949e-01
8.989611923623821443e-01,1.482753820850354121e+00
3.465057725705130154e-01,1.100488549194990062e+00
3.133415839595438124e-01,5.410932007198766547e-01
6.153526691334670895e-01,8.463303690225999487e-01
5.713105492059143975e-01,4.946026562243429070e-01
8.446497183957156762e-01,1.877179726978496888e+00
1.190481909179933684e+00,1.310070645605365014e+00
1.111393500748762975e+00,1.091324716828925734e+00
1.023234921037271983e+00,1.424090553922140900e+00
1.161427522669052692e+00,1.026908337484592204e+00
1.501249900235415158e+00,1.106583270183131962e+00
1.004146874381197208e+00,1.138753451174327358e+00
4.397190975118646650e-01,1.294164902316617960e+00
1.210282492509114460e+00,1.235602574889806959e+00
1.059351003189491047e+00,1.397282711319342230e+00
7.973051559870981686e-01,8.637877307755111866e-01
6.385413609266260559e-01,8.049173049033573335e-01
1.316168392593349168e+00,6.963562341905836783e-01
1.894235069314441355e-01,6.255152249862585556e-01
1.864452719600230568e-01,4.208526295249602200e-01
7.152330069973960036e-01,1.160125414487035017e-01
3.272308518995742377e-01,9.990822935875430799e-01
2.297919111718702556e-01,7.895746480426879543e-01
7.998724523433700107e-01,1.072664446463034604e+00
9.557794922555074013e-01,1.067719170468728107e+00
1.152472021576037786e+00,1.165513999085849850e+00
8.465820769012301072e-01,5.308688155985094026e-01
9.676747616006365904e-01,1.162579018490644600e+00
8.638338867388044573e-01,4.093896615551857465e-01
1.052984224809891067e+00,8.732034758911497718e-01
5.193965399073534606e-01,4.917028401487849032e-01
5.183294962538227413e-01,7.802089412773665078e-01
5.896371134035192085e-01,3.622803749625269631e-01
1.210844543225269021e+00,3.924455628490957637e-01
1.224900173505493850e+00,5.177767093016996114e-01
3.865582176490249822e-01,1.143280882834419199e+00
6.277134438817623119e-01,7.068589386103198979e-01
9.179375363285489087e-01,8.114993295143425600e-01
8.625588667763250950e-01,1.379560404217055947e+00
8.305057879368905605e-01,7.722567924238586956e-01
1.064596010489281541e+00,1.155476870124367395e+00
2.923819876965724207e-01,7.025552723081825990e-01
1.115896407102330290e+00,9.454051756027416209e-01
1.364547682966525066e+00,9.051301623817630260e-01
7.946591319073407211e-01,1.008339265702659970e+00
1.218954019809663114e+00,7.543618536394437468e-01
3.067597052962789395e-02,1.295042706179723169e-01
1.017749302038942760e+00,9.878572928350767279e-01
8.235146072641983395e-01,5.713900187035834133e-01
1.143176009527504977e+00,5.373375310415928752e-01
9.288256119680045053e-01,9.435197439377931428e-01
9.894226431203381189e-01,5.830304383733999618e-01
7.258831044491241835e-01,5.860325521945952687e-01
5.954042862026015515e-01,5.712570531183864819e-01
9.512167353286605787e-01,1.180500855419159167e+00
1.083216124734603936e-01,2.518931398718986525e-01
1.423413004145816174e+00,1.058166664435239213e+00
1.055065468046190835e+00,8.982769605358068565e-01
4.500984548333722968e-01,1.001074691524180382e+00
9.776776386728693868e-01,1.029471858754709590e+00
1.842968754439801016e-01,2.059797316161640079e-01
3.472590687237417928e-01,7.334207955313311045e-01
9.337040993595315808e-01,8.239912345772423263e-01
9.132552774379276705e-01,5.426817727465444996e-01
3.146827760130799234e-02,2.817163053214121193e-01
6.637354622056319542e-01,6.119873514037500462e-01
6.046825695502271447e-01,2.721969839590583362e-01
6.616880866186873877e-01,1.349000239692331959e+00
1.338087530508600409e+00,8.102969412384531944e-01
8.927488664438553156e-01,4.501589532026036289e-01
8.632024002769145277e-02,2.215804482498041628e-01
3.824567748682105028e-01,8.058413667050443596e-01
6.482932891636910000e-01,5.107136495577097035e-01
1.238802046158633763e+00,1.027775664941620981e+00
8.358504280726515301e-01,2.964220731429494382e-01
4.707761017031062978e-01,2.900209547775843832e-01
2.891029634209184573e-01,2.015640466407255804e-01
7.207390648098710439e-01,5.474214813771748345e-01
6.243124595118688669e-01,6.508629773368369564e-01
1.448613517125723282e+00,1.108199837382648933e+00
9.055871330754243775e-01,9.471771533362104423e-01
1.011287640674809252e+00,1.110902594858598658e+00
9.877496089130056722e-01,7.100796488823053476e-01
7.726432864895114161e-01,4.768689350657033810e-01
8.728277333089895507e-01,1.094210030609758411e+00
1.214897245737889264e-02,9.005748077878786839e-01
1.299446891567999085e-01,4.227973987415895030e-01
1.467788697807067333e+00,1.407583849226242023e+00
3.517175044955986873e-01,3.867992705828044442e-01
1.208651101776408554e+00,1.037406632767688075e+00
8.094161658103827817e-01,9.769823743099653734e-01
8.737083743723961238e-01,1.451063382912068489e+00
8.261592439601463944e-01,1.130837637288231834e+00
1.041842192977980863e+00,1.458831973737995558e+00
6.602916433133494412e-01,1.089801290963744451e+00
9.975919076055418389e-01,6.809227401420949732e-01
4.213378881788064634e-01,8.265012171442952527e-01
1.138884582033099058e+00,1.006720122707468912e+00
1.465114633089535046e+00,8.527716875547273201e-01
6.642034077501546285e-01,8.787037532950250363e-01
1.613616157832384213e+00,1.062357648134077293e+00
1.349910687975734325e+00,8.376799742685381300e-01
7.067445435186546776e-01,3.791746513128744223e-01
9.913950033827073627e-01,9.454994779791136006e-01
7.367177249242151671e-01,4.536650815204234521e-01
7.503823104257868470e-01,1.151737769171712333e+00
1.386374449998618363e+00,1.046439864697531696e+00
1.257839104444625988e+00,1.101260896772146891e+00
1.273173447104521516e+00,1.542034961972389873e+00
8.867499373847836930e-01,1.033283789633137273e+00
8.522643548373332045e-01,7.434959207660398750e-01
1.214372667446889098e+00,7.907038624811890681e-01
1.370711523713610491e+00,1.094284759034307664e+00
7.941749081333807636e-01,1.607448361229146805e+00
7.518782166895490171e-01,8.489769429827286329e-01
5.968964021174761880e-01,9.282913578081376516e-01
1.222567826718016226e+00,9.861420352971334014e-01
1.220604454906197622e+00,1.127080680310798444e+00
1.175439584361429146e+00,1.339140056404899637e+00
9.430911514867831302e-01,8.268486873088206623e-01
6.532735543184327032e-01,1.580499106144081234e-01
9.584099257238806180e-01,1.130888671308994509e+00
6.053268635295917521e-01,1.372946247911420059e+00
7.924433669136846659e-01,8.763710899919561204e-01
5.357196697087714954e-01,7.622092967823071996e-01
1.126896098419797099e+00,5.468553713806939554e-01
5.189665053273925244e-01,5.822307487469990939e-01
1.081821007091268383e+00,4.790297261530372386e-01
5.831132726150276557e-01,3.024497072501013961e-01
3.692574268778796576e-01,8.184426334597241226e-01
1.449834105226282199e+00,6.585372794388724138e-01
9.789499992235188852e-01,8.358244870703767093e-01
6.032157155863800968e-01,4.516989898687499005e-01
1.174334688651720526e+00,1.428842155041913919e+00
1.003632499732850070e+00,5.707086787657786875e-01
8.911186354019426936e-01,8.277992682729651275e-01
8.921131168800758848e-01,9.570173492239454349e-01
6.889681256135612442e-01,9.609724275300429719e-01
1.192690903560625015e+00,8.328636199496530779e-01
5.930901570506222908e-01,1.338085004958678992e+00
1.670276344001024649e+00,1.067588117190644281e+00
9.893223261809146463e-01,1.068346259427493061e+00
8.564013843195690256e-01,6.537656402399093514e-01
1.287023116966707681e+00,1.420440980596909153e+00
1.536272410066996663e-01,9.676615353906408146e-01
9.943975136906920698e-01,7.890594085545007408e-01
1.184926717049583633e+00,1.107724857465774981e+00
9.102197098767009775e-01,1.093802324469655085e+00
3.140452856649525448e-01,6.540961108493581477e-01
7.073629004619630400e-01,8.928313245599028836e-01
1.869866857015994033e-01,1.097144058456594573e+00
9.209734910533521335e-01,1.184873061013871132e+00
1.034640051460786969e+00,1.122437120382624443e+00
8.064408620876667433e-01,1.001623581624009329e+00
9.749395685764894459e-01,7.235523372724192992e-01
5.076165019140946866e-01,1.336138727123023173e+00
1.327364431071163420e+00,8.021445871513139814e-01
1.323915571336411690e+00,8.400818244549175251e-01
1.340416902843325264e+00,9.984268084073251170e-01
1.055946447163415902e+00,6.028730166752463981e-01
1.070766313537611980e+00,1.166515402081332642e+00
1.817838832651456960e+00,1.555292880865476901e+00
4.749621163338384466e-01,4.818450402139778932e-01
1.467929226670518839e+00,1.234592093188833006e+00
7.955051134163164672e-01,1.189024507351605475e+00
4.495059797207239249e-01,3.411759502417222589e-01
1.152582621860562373e+00,1.015022948943165915e+00
4.260352581308441966e-01,6.991415289951667944e-01
1.093512781326160033e+00,1.130601922252582714e+00
9.599649085344552635e-01,3.647137353305953678e-01
1.678947513859880836e-01,8.837714361495857540e-01
8.230809129609738539e-01,1.193758326471573872e+00
1.127992413605303224e-01,2.784964874898222531e-01
3.070658677247817270e-02,4.839810672790822998e-01
1.338243119101797607e+00,1.097795587044144039e+00
8.014963063615284655e-01,7.050638923534554570e-01
9.863555838068887027e-01,3.927541068536769542e-01
7.869473631835622873e-01,8.132987453382867216e-01
1.881269675284138243e+00,9.235801575936173347e-01
1.061669819319741581e+00,1.779855671541142215e+00
1.289016095318741950e+00,1.239177315993198469e+00
1.357389844941723878e+00,8.651848792337942795e-01
5.936081978730505249e-01,7.027279677114437462e-01
6.895199738010016066e-01,1.060814875081320663e+00
5.885051744941024454e-01,1.287720788244417047e+00
1.361262018973976584e+00,6.126867031399633179e-01
8.272947568835845589e-01,1.516989211051845254e+00
1.141370916115649559e+00,1.231425246985839994e+00
2.375379157177082978e-01,9.522541631516417970e-01
1.075094706862327998e+00,5.424643295194163661e-01
1.130139566932094830e+00,8.480578752694410971e-01
8.723324034698634044e-01,1.277026722703852313e+00
1.046456769484058302e+00,5.536836903349868777e-01
7.964851701024867614e-01,1.084215249134966585e+00
7.640828562254042833e-02,6.191606274159593415e-01
1.030450955820775949e+00,1.542784284043490217e+00
1.187355415091801092e+00,8.383243761075840350e-01
1.007984523228913964e+00,7.546293752625404805e-01
5.836234898933335274e-02,9.425305799065714085e-01
7.718545742476493610e-01,8.270946003848842487e-01
1.174914432958093613e+00,1.157835773185990069e+00
7.496931446590584525e-01,5.817343913360343288e-01
5.792814535681009014e-01,7.545701839009740786e-01
6.048259276395732131e-01,1.316217518042031687e+00
8.495276357360072028e-01,4.608530607934415713e-01
8.157212626829805080e-01,8.258139841151768135e-01
2.994344228165661814e-01,2.451273943620068396e-01
1.239791141891838366e+00,3.785243754825282636e-01
1.409138171982502019e+00,3.839984471727151405e-01
3.773210722478596013e-01,2.357037478001359210e-01
5.685210271146591277e-01,2.621025868688263705e-01
1.389953689325260866e+00,5.172409258717175495e-01
9.402586461467614676e-01,7.865573959677659710e-01
1.013253419047399184e+00,1.060659955692271561e+00
1.234014000236597491e-01,7.429571863879955718e-01
7.185728206346405633e-01,1.244310002099014989e+00
9.635023010088874518e-01,1.155126350127470669e+00
3.843200444940297889e-02,8.010341027795219171e-01
1.280551055179557807e+00,5.296890604677516601e-01
1.230559463532597819e-01,7.477698358048036065e-01
7.553337764997027914e-01,8.419314419321139997e-01
5.134365410894858872e-01,7.105983403087431372e-01
6.544398040511542058e-01,8.260569120058119941e-01
6.135249273572528361e-01,1.657872507796276818e+00
1.518133829935981671e+00,1.319428163809583721e+00
7.273166877191451496e-01,5.048039069910954524e-01
7.999674339697049330e-01,1.562834291968958400e+00
1.183043454393557736e+00,8.863913765464650485e-01
1.349082983030047034e+00,9.888145626193586279e-01
7.852187660739510244e-01,1.017088317103512773e+00
8.184657168980602471e-01,1.275253412765445793e+00
1.149729147920962813e+00,7.449816184113509099e-01
2.278293810427306498e-01,6.360371572873890766e-02
1.011662243213294232e+00,8.659213924459765455e-01
8.453905191812993714e-01,1.093224794620956342e+00
8.047610486632630344e-01,7.657291620027860679e-01
1.445065229309016264e+00,1.434550334797756399e+00
8.007711480855139730e-02,1.203410345028388395e-02
1.008158933517073308e+00,7.575486368750991018e-01
1.905130754416448635e-01,1.236241657797950921e+00
1.104736840076271154e+00,3.088305226664300185e-01
9.575420957375718745e-01,7.984621709272683443e-01
8.815137620216192404e-01,7.189168336139337701e-01
1.133500269318462150e+00,1.360957138215292961e+00
9.118142429509860092e-01,6.332494543252737973e-01
3.754860325987509073e-01,1.939481786145513809e-01
7.180859585027670189e-01,7.140351270845088916e-01
1.429609220123142066e+00,1.017534846843246132e+00
4.193615934959756819e-01,8.168860079009218067e-01
1.392978385744263470e+00,1.128885890326504882e+00
6.094296740621872877e-01,1.158234337390846580e+00
7.949349469141131497e-01,5.801766194140564048e-01
1.472766260236330282e+00,7.085587163561978263e-01
4.837438345658653938e-01,9.458463619037325021e-01
9.503193216239781416e-01,9.096580150302626677e-01
5.268779685238855759e-01,4.557533828191645542e-01
5.302316575251548869e-01,1.331889644589615118e+00
1.006894437984179991e+00,4.164773580872532799e-01
5.373679855113473458e-01,9.807481295972302338e-01
8.249759673777534719e-01,1.100100901883297233e+00
1.127016271484745785e-01,2.882651422192045731e-01
9.622645669726559436e-01,2.655909703208469974e-02
8.244756618952925331e-01,4.660752052625993791e-01
4.829728184130409607e-01,1.049106288612524418e+00
1.092888412163149470e+00,5.512008117210945857e-01
1.332883633877548490e+00,7.695613368481553085e-01
9.643581657257352946e-01,6.047962362255028257e-01
1.201796844570652611e+00,7.030771377887217177e-01
9.469463306910119726e-02,2.109168197469988570e-01
4.676460221449382226e-01,4.840602742370291312e-01
1.491001667491828941e+00,1.479364684503111427e+00
9.683838298807910805e-01,4.725045133855196311e-01
1.113173549272982621e+00,1.186370414071806767e+00
9.648506338524569514e-01,7.231778445791333665e-01
4.896941978020875608e-01,4.505819163803356231e-01
2.760934491722932815e-01,4.682125625230124655e-01
4.592079120962667127e-01,8.469025102660705517e-01
5.863854939898851537e-01,9.817600826569329309e-01
4.598305789991576908e-01,3.615011914059632070e-01
3.770683005703889812e-01,6.381292870211703327e-01
6.028322225937423617e-01,8.739772284376354783e-01
5.674659144717261183e-01,7.744746171370695542e-01
7.469361580453948157e-01,2.132768203391996464e-01
6.467227509907329530e-01,7.797019063058681088e-01
9.473811950230000001e-01,2.983830878901963524e-01
1.032768293935411252e+00,1.074244151075071985e+00
7.194077487118317737e-01,1.355077062691847356e-01
8.710710636035017274e-01,9.135647410186806816e-01
4.348108389548860364e-01,4.515202399586704662e-01
8.751258145009661593e-01,5.532269457864296136e-01
6.423100137501897011e-01,5.868211669614421533e-01
1.472473713867896716e-01,4.055603453778721112e-01
6.717735145618097814e-01,6.350841525565871226e-01
3.807807287740600510e-01,6.033826775181514446e-01
5.385954030858148833e-01,2.515033762113674243e-01
6.592876862335392829e-01,7.840205479346129547e-01
4.176461560457959687e-01,1.949067577360489301e-01
9.950982499170455409e-01,1.069250593323763709e+00
4.092023353548901454e-02,5.110905939530292486e-01
4.625168819960449040e-01,6.760620186079427940e-01
3.686575393062394568e-01,1.353841923668869240e-01
1.122215877627739777e+00,1.180639064095072355e+00
1.100360936834195114e+00,7.390358464041035802e-01
1.204292285263006024e+00,9.037108658661638927e-01
1.039428701033336067e+00,1.603402042900666791e+00
3.617740185899580574e-01,5.365120343400406888e-01
1.039539301758234391e+00,1.207882547473227763e+00
6.034705604744916574e-02,4.961515846068347280e-01
3.756837858141836017e-01,2.734681820295475907e-01
1.156484821048734180e+00,1.051460371980736053e+00
6.910642331472337530e-01,1.382240501500906271e+00
3.378033777170114105e-01,1.373672589093913876e-01
1.318737621747920752e+00,1.302359186798570434e+00
3.127487878304025526e-01,8.961545574619943499e-01
1.085776204400282996e+00,1.050011704743330387e+00
1.165098613496108326e-01,2.855656958127598122e-01
8.458949809547546828e-01,1.130716733536037966e+00
1.122957736876920576e+00,1.078112627606888863e+00
8.850235682681575344e-01,7.811880536211825987e-01
4.980096624051811305e-01,9.763703571777290202e-01
7.864176719422545370e-01,6.664759173674641435e-01
4.539205021720262301e-01,5.111607671903781736e-01
8.016772141287848985e-01,5.621555529319141042e-01
1.328350510608069746e+00,5.471149953091563045e-01
1.351216413888541412e+00,1.171355704916809293e+00
1.004838500247302147e+00,8.522228349994718233e-01
7.762022921069923198e-01,5.096267957109653635e-01
1.353699451425830702e+00,9.778374356738592788e-01
1.151778582722019273e+00,7.031934527481944475e-01
1.399252627790208647e+00,7.719979580509133132e-01
2.193671621884244194e-01,6.439740894390858506e-01
3.610306062319709186e-01,7.717713018442612372e-01
1.097262943143311853e+00,1.114985843545710065e+00
5.845901811026618100e-01,2.606796197539745785e-01
4.536815732322926342e-01,8.627832319882479117e-01
1.651026697212242045e+00,8.912814388622264383e-01
5.345170148020084167e-01,3.511615982740250996e-01
6.410008276584251430e-01,1.119937179837027008e+00
5.518469939700518800e-01,3.817556304070605089e-01
7.445205901948311888e-01,1.072775998911101647e+00
1.690132375611704818e+00,7.299905579510788112e-01
8.774015806029341613e-01,1.444683668246162567e+00
7.686883994350094396e-01,7.491652508592925308e-01
1.170437409404077700e+00,8.871653197239622868e-01
2.147150706343855520e-01,9.768397459997293364e-01
7.289580824063812692e-01,7.758361118359752284e-01
8.015268533129235040e-01,6.583180073569656621e-01
6.663962988825827827e-01,3.934985915531308831e-01
1.339386593737045050e+00,4.403530668050924524e-01
1.904291293406311647e-01,7.421096013619694620e-01
9.986419427565627061e-01,8.742492663014902465e-01
1.191840544592609019e+00,1.465199926234244998e+00
5.831410146667133088e-01,4.770674593050324708e-01
5.157913838881228452e-01,6.387608319344783014e-01
1.087931944432310560e+00,1.578957068782671946e+00
1.135147125292645276e+00,1.094287413352835525e+00
3.369070094689464168e-01,2.204274047557944483e-01
1.002630779328051336e+00,8.136975106877569752e-01
8.978916416988493854e-01,1.069875250814770418e+00
9.749757198743632669e-01,9.660267312945503004e-01
3.041220977396293934e-01,5.456438323900775211e-01
9.681392362302433385e-01,8.217971061904058017e-01
8.271288995609933359e-01,2.065496362548713272e-01
5.685876814097982068e-01,5.987093750420416916e-01
5.517162846495143880e-01,5.502942188074524399e-01
1.327115169358468849e+00,9.414794217644204544e-01
7.397162960663166142e-01,4.398869500009262579e-01
1.288241225010612334e-01,2.529801981308139602e-01
8.823638405442023602e-01,1.184861210766791961e+00
9.100439939641826737e-01,1.082594951730736943e+00
1.168190450264281255e+00,7.584179370186903135e-01
1.187373096449613474e-01,8.716031497554134200e-01
1.019837372795896036e+00,6.626721513248372275e-02
2.796493967567186267e-01,5.419015664212950556e-01
6.581066179770601599e-01,7.731592957974534608e-01
5.387476726736920574e-01,3.291578651415910661e-01
1.155612595979215618e+00,1.533493015634020296e+00
2.766501506583983749e-01,6.522007561590674740e-01
5.795448157410898471e-01,9.976084398848682477e-01
5.883740409369078161e-01,4.184910488320845445e-01
1.036691804215717383e+00,6.302657143183915123e-01
3.127700019401571385e-01,8.736073220641915604e-01
6.481597379492066713e-01,4.501991216591054168e-01
4.403951086429466061e-02,8.498636521375037001e-01
3.554207520942889720e-01,6.313410436191010389e-01
7.891728950293720457e-01,9.110666738663466546e-01
6.689444951028136188e-01,1.178970841598276476e+00
3.414085781080151705e-01,7.677428945934839932e-01
5.507797344790237304e-01,3.013131412987164470e-01
8.603163352168061717e-01,8.400961899352005213e-01
2.593600529824552914e-01,1.902165754389022190e-01
1.110735568826642927e+00,6.859112440684197454e-01
9.670080792946808002e-01,3.555380630010429588e-01
6.782699378777690136e-02,7.287098001903369315e-02
8.135999319572462252e-02,3.529585156791481548e-01
